Date,Dargom_m3s,Mirzapay_m3s,Akkaradarya_m3s,Miankaltoss_m3s,Karmanakonimex_m3s,Narpay_m3s
2017-01-01,0.0,0.0,0.0,0.0,0.0,0.0
2017-02-01,0.0,0.0,0.0,0.0,0.0,0.0
2017-03-01,0.5389999999999999,0.077,0.05,0.066,0.007,0.057999999999999996
2017-04-01,3.801,2.617,3.421,4.5120000000000005,2.506,2.211
2017-05-01,12.234,8.268,9.573,11.025,6.436999999999999,5.573
2017-06-01,14.719,9.392,9.866,12.986,8.006,6.351
2017-07-01,19.82,11.884,13.693,18.582,10.7,14.235
2017-08-01,24.442,17.563000000000002,20.202,26.289,15.213,19.385
2017-09-01,17.407,13.41,13.124,16.162,9.401,11.239
2017-10-01,2.547,1.798,2.477,2.702,1.636,2.089
2017-11-01,0.0,0.0,0.0,0.0,0.0,0.0
2017-12-01,0.0,0.0,0.0,0.0,0.0,0.0
2018-01-01,0.0,0.0,0.0,0.0,0.0,0.0
2018-02-01,0.0,0.0,0.0,0.0,0.0,0.0
2018-03-01,2.144,1.6629999999999998,1.632,0.653,0.31,0.07
2018-04-01,6.049,2.729,3.516,7.253,5.852,3.682
2018-05-01,11.833,9.081,7.657,9.248,7.39,4.140000000000001
2018-06-01,12.684,9.737,8.793,8.213999999999999,3.812,2.559
2018-07-01,16.252,9.309,10.114,12.387,7.382,10.54
2018-08-01,23.078,14.695,15.882,19.392000000000003,12.106,15.799
2018-09-01,16.271,11.346,11.171,12.942,7.923,9.221
2018-10-01,5.686,3.483,3.504,4.947,3.984,3.2039999999999997
2018-11-01,0.0,0.0,0.0,0.0,0.0,0.0
2018-12-01,0.0,0.0,0.0,0.0,0.0,0.0
2019-01-01,0.0,0.0,0.0,0.0,0.0,0.0
2019-02-01,0.0,0.0,0.0,0.0,0.0,0.0
2019-03-01,0.556,0.262,0.628,1.17,1.118,0.527
2019-04-01,3.406,6.9830000000000005,3.173,4.53,3.789,1.896
2019-05-01,11.649,9.789,6.593,9.007,7.522,4.132
2019-06-01,12.007,10.334,9.712,10.364999999999998,5.948,3.434
2019-07-01,17.304000000000002,10.73,13.235,17.214,9.089,12.857
2019-08-01,26.130000000000003,17.596,18.354,24.231,14.869,19.009
2019-09-01,15.776,11.698,11.649,15.637,10.249,11.222999999999999
2019-10-01,4.363,2.865,3.556,5.746,4.994,4.288
2019-11-01,0.0,0.0,0.0,0.0,0.0,0.0
2019-12-01,0.0,0.0,0.0,0.0,0.0,0.0
2020-01-01,0.0,0.0,0.0,0.0,0.0,0.0
2020-02-01,0.0,0.0,0.0,0.0,0.0,0.0
2020-03-01,1.017,0.625,1.018,1.631,1.26,0.636
2020-04-01,5.452,4.346,3.547,5.299,4.324,2.032
2020-05-01,11.27,8.452,7.064,9.496,6.309,3.789
2020-06-01,15.241,10.935,11.406,12.579,5.369,5.191
2020-07-01,20.137,12.91,15.281,18.965,9.478,13.604
2020-08-01,29.871,21.825000000000003,22.439,28.837,17.263,22.416
2020-09-01,21.62,16.814,14.806,16.913,10.315,12.197
2020-10-01,3.4960000000000004,1.901,2.604,3.585,2.923,2.76
2020-11-01,0.0,0.0,0.0,0.0,0.0,0.0
2020-12-01,0.0,0.0,0.0,0.0,0.0,0.0
2021-01-01,0.0,0.0,0.0,0.0,0.0,0.0
2021-02-01,0.0,0.0,0.0,0.0,0.0,0.0
2021-03-01,0.602,0.1149999999999999,0.7250000000000001,0.3399999999999999,0.069,0.114
2021-04-01,2.715,2.223,2.811,3.029,1.888,1.363
2021-05-01,9.72,8.921,9.719,9.428,5.832000000000001,4.673
2021-06-01,13.857,11.142,12.437,12.781,6.393,6.365
2021-07-01,18.406,11.412,13.843,18.624,11.219,14.275
2021-08-01,23.995,16.462,17.91,21.794,12.588,15.529
2021-09-01,16.835,12.609000000000002,13.366,14.112,7.713,8.501999999999999
2021-10-01,3.538,2.2070000000000003,2.575,2.817,1.521,1.688
2021-11-01,0.0,0.0,0.0,0.0,0.0,0.0
2021-12-01,0.0,0.0,0.0,0.0,0.0,0.0
2022-01-01,0.0,0.0,0.0,0.0,0.0,0.0
2022-02-01,0.0,0.0,0.0,0.0,0.0,0.0
2022-03-01,0.304,0.301,0.744,1.429,1.6909999999999998,0.733
2022-04-01,3.217,1.735,1.985,4.5,2.72,2.457
2022-05-01,12.178,9.508,9.679,11.113,6.754999999999999,4.91
2022-06-01,14.422,10.332,10.447,12.689,5.363,6.047000000000001
2022-07-01,18.552,12.312,14.021999999999998,19.148000000000003,11.214,15.429
2022-08-01,25.202,18.222,19.424,23.635,14.668,17.734
2022-09-01,16.484,11.729,12.97,15.597,10.079,10.864999999999998
2022-10-01,4.941000000000001,3.419,4.049,4.959,3.856,3.373
2022-11-01,0.0,0.0,0.0,0.0,0.0,0.0
2022-12-01,0.0,0.0,0.0,0.0,0.0,0.0
