Date,Q_m3s
2010-01-01,59.3
2010-01-02,58.9
2010-01-03,58.4
2010-01-04,59.8
2010-01-05,55.4
2010-01-06,45.2
2010-01-07,49.3
2010-01-08,47.1
2010-01-09,47.3
2010-01-10,47.5
2010-01-11,47.6
2010-01-12,45.7
2010-01-13,44.8
2010-01-14,43.9
2010-01-15,43.5
2010-01-16,43.2
2010-01-17,61.1
2010-01-18,42.3
2010-01-19,41.8
2010-01-20,42.4
2010-01-21,42.6
2010-01-22,42.6
2010-01-23,42.6
2010-01-24,43.4
2010-01-25,43.1
2010-01-26,43.1
2010-01-27,43.6
2010-01-28,42.5
2010-01-29,43.1
2010-01-30,43.2
2010-01-31,41.8
2010-02-01,42.2
2010-02-02,43.0
2010-02-03,44.0
2010-02-04,44.0
2010-02-05,44.0
2010-02-06,48.9
2010-02-07,47.7
2010-02-08,40.1
2010-02-09,45.8
2010-02-10,43.7
2010-02-11,43.2
2010-02-12,42.3
2010-02-13,41.9
2010-02-14,42.5
2010-02-15,40.8
2010-02-16,38.8
2010-02-17,38.5
2010-02-18,39.5
2010-02-19,40.5
2010-02-20,43.4
2010-02-21,47.2
2010-02-22,48.8
2010-02-23,48.3
2010-02-24,46.0
2010-02-25,45.1
2010-02-26,47.4
2010-02-27,49.3
2010-02-28,51.9
2010-03-01,55.0
2010-03-02,52.9
2010-03-03,51.9
2010-03-04,52.4
2010-03-05,51.3
2010-03-06,54.5
2010-03-07,56.0
2010-03-08,50.5
2010-03-09,53.7
2010-03-10,56.9
2010-03-11,58.3
2010-03-12,64.9
2010-03-13,62.6
2010-03-14,59.7
2010-03-15,58.2
2010-03-16,60.8
2010-03-17,65.9
2010-03-18,68.6
2010-03-19,68.5
2010-03-20,75.8
2010-03-21,73.8
2010-03-22,73.8
2010-03-23,72.1
2010-03-24,70.3
2010-03-25,68.6
2010-03-26,63.3
2010-03-27,61.3
2010-03-28,57.8
2010-03-29,58.6
2010-03-30,58.8
2010-03-31,60.0
2010-04-01,59.9
2010-04-02,61.1
2010-04-03,64.0
2010-04-04,64.7
2010-04-05,62.2
2010-04-06,60.9
2010-04-07,61.3
2010-04-08,61.5
2010-04-09,61.7
2010-04-10,63.1
2010-04-11,76.8
2010-04-12,97.9
2010-04-13,96.1
2010-04-14,90.0
2010-04-15,97.8
2010-04-16,93.6
2010-04-17,93.6
2010-04-18,93.0
2010-04-19,96.1
2010-04-20,97.5
2010-04-21,96.0
2010-04-22,99.6
2010-04-23,103.0
2010-04-24,104.0
2010-04-25,104.0
2010-04-26,109.0
2010-04-27,113.0
2010-04-28,111.0
2010-04-29,118.0
2010-04-30,120.0
2010-05-01,128.0
2010-05-02,139.0
2010-05-03,143.0
2010-05-04,157.0
2010-05-05,167.0
2010-05-06,164.0
2010-05-07,168.0
2010-05-08,176.0
2010-05-09,175.0
2010-05-10,169.0
2010-05-11,167.0
2010-05-12,173.0
2010-05-13,170.0
2010-05-14,170.0
2010-05-15,167.0
2010-05-16,170.0
2010-05-17,190.0
2010-05-18,198.0
2010-05-19,197.0
2010-05-20,188.0
2010-05-21,184.0
2010-05-22,188.0
2010-05-23,195.0
2010-05-24,182.0
2010-05-25,175.0
2010-05-26,171.0
2010-05-27,176.0
2010-05-28,172.0
2010-05-29,173.0
2010-05-30,177.0
2010-05-31,192.0
2010-06-01,205.0
2010-06-02,220.0
2010-06-03,257.0
2010-06-04,243.0
2010-06-05,227.0
2010-06-06,216.0
2010-06-07,220.0
2010-06-08,218.0
2010-06-09,217.0
2010-06-10,222.0
2010-06-11,348.0
2010-06-12,266.0
2010-06-13,276.0
2010-06-14,281.0
2010-06-15,284.0
2010-06-16,301.0
2010-06-17,314.0
2010-06-18,313.0
2010-06-19,310.0
2010-06-20,308.0
2010-06-21,326.0
2010-06-22,348.0
2010-06-23,369.0
2010-06-24,423.0
2010-06-25,488.0
2010-06-26,445.0
2010-06-27,376.0
2010-06-28,353.0
2010-06-29,347.0
2010-06-30,348.0
2010-07-01,333.0
2010-07-02,334.0
2010-07-03,342.0
2010-07-04,348.0
2010-07-05,351.0
2010-07-06,342.0
2010-07-07,342.0
2010-07-08,348.0
2010-07-09,378.0
2010-07-10,400.0
2010-07-11,405.0
2010-07-12,407.0
2010-07-13,396.0
2010-07-14,391.0
2010-07-15,369.0
2010-07-16,373.0
2010-07-17,388.0
2010-07-18,430.0
2010-07-19,483.0
2010-07-20,476.0
2010-07-21,508.0
2010-07-22,456.0
2010-07-23,399.0
2010-07-24,378.0
2010-07-25,359.0
2010-07-26,355.0
2010-07-27,361.0
2010-07-28,371.0
2010-07-29,385.0
2010-07-30,387.0
2010-07-31,354.0
2010-08-01,328.0
2010-08-02,314.0
2010-08-03,319.0
2010-08-04,333.0
2010-08-05,348.0
2010-08-06,361.0
2010-08-07,391.0
2010-08-08,425.0
2010-08-09,482.0
2010-08-10,451.0
2010-08-11,402.0
2010-08-12,392.0
2010-08-13,373.0
2010-08-14,369.0
2010-08-15,352.0
2010-08-16,341.0
2010-08-17,335.0
2010-08-18,336.0
2010-08-19,330.0
2010-08-20,328.0
2010-08-21,340.0
2010-08-22,337.0
2010-08-23,329.0
2010-08-24,334.0
2010-08-25,303.0
2010-08-26,262.0
2010-08-27,246.0
2010-08-28,245.0
2010-08-29,242.0
2010-08-30,241.0
2010-08-31,240.0
2010-09-01,249.0
2010-09-02,247.0
2010-09-03,230.0
2010-09-04,239.0
2010-09-05,229.0
2010-09-06,233.0
2010-09-07,232.0
2010-09-08,226.0
2010-09-09,216.0
2010-09-10,219.0
2010-09-11,218.0
2010-09-12,213.0
2010-09-13,208.0
2010-09-14,192.0
2010-09-15,181.0
2010-09-16,180.0
2010-09-17,178.0
2010-09-18,176.0
2010-09-19,158.0
2010-09-20,150.0
2010-09-21,139.0
2010-09-22,136.0
2010-09-23,131.0
2010-09-24,122.0
2010-09-25,123.0
2010-09-26,121.0
2010-09-27,121.0
2010-09-28,117.0
2010-09-29,115.0
2010-09-30,114.0
2010-10-01,109.0
2010-10-02,106.0
2010-10-03,103.0
2010-10-04,100.0
2010-10-05,97.8
2010-10-06,98.3
2010-10-07,99.0
2010-10-08,95.9
2010-10-09,96.1
2010-10-10,97.2
2010-10-11,94.7
2010-10-12,93.2
2010-10-13,94.3
2010-10-14,94.3
2010-10-15,95.1
2010-10-16,95.4
2010-10-17,95.4
2010-10-18,93.5
2010-10-19,90.6
2010-10-20,90.2
2010-10-21,89.7
2010-10-22,89.3
2010-10-23,88.8
2010-10-24,87.9
2010-10-25,86.1
2010-10-26,84.3
2010-10-27,83.9
2010-10-28,83.7
2010-10-29,80.5
2010-10-30,77.6
2010-10-31,79.3
2010-11-01,81.0
2010-11-02,81.1
2010-11-03,80.4
2010-11-04,80.0
2010-11-05,78.6
2010-11-06,78.2
2010-11-07,78.2
2010-11-08,78.2
2010-11-09,77.5
2010-11-10,77.5
2010-11-11,77.5
2010-11-12,77.6
2010-11-13,76.1
2010-11-14,71.2
2010-11-15,70.2
2010-11-16,72.3
2010-11-17,71.9
2010-11-18,71.8
2010-11-19,71.9
2010-11-20,71.9
2010-11-21,70.9
2010-11-22,66.7
2010-11-23,64.6
2010-11-24,64.6
2010-11-25,64.6
2010-11-26,64.6
2010-11-27,64.6
2010-11-28,64.6
2010-11-29,64.6
2010-11-30,63.6
2010-12-01,60.8
2010-12-02,60.8
2010-12-03,60.7
2010-12-04,59.3
2010-12-05,59.6
2010-12-06,59.6
2010-12-07,59.8
2010-12-08,59.8
2010-12-09,60.1
2010-12-10,60.3
2010-12-11,60.3
2010-12-12,60.3
2010-12-13,60.3
2010-12-14,60.3
2010-12-15,60.3
2010-12-16,60.3
2010-12-17,59.7
2010-12-18,58.3
2010-12-19,58.3
2010-12-20,57.5
2010-12-21,55.2
2010-12-22,53.8
2010-12-23,54.1
2010-12-24,53.9
2010-12-25,53.5
2010-12-26,52.7
2010-12-27,51.5
2010-12-28,52.2
2010-12-29,51.8
2010-12-30,51.1
2010-12-31,51.8
2011-01-01,51.8
2011-01-02,52.3
2011-01-03,52.7
2011-01-04,50.8
2011-01-05,50.8
2011-01-06,50.8
2011-01-07,50.8
2011-01-08,50.8
2011-01-09,50.8
2011-01-10,52.4
2011-01-11,50.7
2011-01-12,49.5
2011-01-13,48.4
2011-01-14,48.0
2011-01-15,46.2
2011-01-16,44.6
2011-01-17,44.6
2011-01-18,44.6
2011-01-19,44.3
2011-01-20,44.0
2011-01-21,44.0
2011-01-22,43.7
2011-01-23,43.4
2011-01-24,43.4
2011-01-25,43.4
2011-01-26,43.4
2011-01-27,41.9
2011-01-28,41.4
2011-01-29,39.7
2011-01-30,40.9
2011-01-31,40.9
2011-02-01,40.9
2011-02-02,40.9
2011-02-03,40.9
2011-02-04,42.3
2011-02-05,41.8
2011-02-06,42.3
2011-02-07,43.0
2011-02-08,43.4
2011-02-09,43.0
2011-02-10,43.0
2011-02-11,43.0
2011-02-12,42.9
2011-02-13,44.3
2011-02-14,45.6
2011-02-15,46.2
2011-02-16,46.6
2011-02-17,44.3
2011-02-18,42.9
2011-02-19,42.9
2011-02-20,42.9
2011-02-21,42.9
2011-02-22,43.1
2011-02-23,43.3
2011-02-24,43.9
2011-02-25,44.6
2011-02-26,44.6
2011-02-27,44.0
2011-02-28,43.5
2011-03-01,42.7
2011-03-02,41.9
2011-03-03,41.6
2011-03-04,41.6
2011-03-05,42.1
2011-03-06,42.4
2011-03-07,42.4
2011-03-08,42.4
2011-03-09,42.3
2011-03-10,42.6
2011-03-11,42.7
2011-03-12,42.8
2011-03-13,44.8
2011-03-14,45.4
2011-03-15,46.2
2011-03-16,48.4
2011-03-17,48.6
2011-03-18,48.6
2011-03-19,47.5
2011-03-20,44.3
2011-03-21,44.3
2011-03-22,42.2
2011-03-23,42.6
2011-03-24,43.3
2011-03-25,44.1
2011-03-26,46.8
2011-03-27,47.9
2011-03-28,54.8
2011-03-29,55.0
2011-03-30,52.8
2011-03-31,52.5
2011-04-01,52.3
2011-04-02,51.0
2011-04-03,49.0
2011-04-04,49.2
2011-04-05,48.7
2011-04-06,48.9
2011-04-07,48.3
2011-04-08,46.5
2011-04-09,45.2
2011-04-10,46.9
2011-04-11,47.4
2011-04-12,46.4
2011-04-13,45.5
2011-04-14,45.8
2011-04-15,49.0
2011-04-16,51.0
2011-04-17,50.2
2011-04-18,48.8
2011-04-19,47.5
2011-04-20,47.8
2011-04-21,49.0
2011-04-22,50.1
2011-04-23,52.5
2011-04-24,62.3
2011-04-25,86.1
2011-04-26,99.3
2011-04-27,97.9
2011-04-28,116.0
2011-04-29,116.0
2011-04-30,116.0
2011-05-01,109.0
2011-05-02,124.0
2011-05-03,149.0
2011-05-04,172.0
2011-05-05,186.0
2011-05-06,211.0
2011-05-07,171.0
2011-05-08,146.0
2011-05-09,133.0
2011-05-10,123.0
2011-05-11,118.0
2011-05-12,112.0
2011-05-13,107.0
2011-05-14,108.0
2011-05-15,114.0
2011-05-16,130.0
2011-05-17,175.0
2011-05-18,237.0
2011-05-19,252.0
2011-05-20,227.0
2011-05-21,206.0
2011-05-22,193.0
2011-05-23,178.0
2011-05-24,186.0
2011-05-25,180.0
2011-05-26,181.0
2011-05-27,166.0
2011-05-28,155.0
2011-05-29,149.0
2011-05-30,145.0
2011-05-31,145.0
2011-06-01,149.0
2011-06-02,150.0
2011-06-03,147.0
2011-06-04,143.0
2011-06-05,159.0
2011-06-06,156.0
2011-06-07,151.0
2011-06-08,170.0
2011-06-09,185.0
2011-06-10,192.0
2011-06-11,210.0
2011-06-12,248.0
2011-06-13,285.0
2011-06-14,261.0
2011-06-15,243.0
2011-06-16,246.0
2011-06-17,260.0
2011-06-18,263.0
2011-06-19,264.0
2011-06-20,268.0
2011-06-21,294.0
2011-06-22,320.0
2011-06-23,344.0
2011-06-24,341.0
2011-06-25,355.0
2011-06-26,375.0
2011-06-27,377.0
2011-06-28,389.0
2011-06-29,391.0
2011-06-30,386.0
2011-07-01,356.0
2011-07-02,321.0
2011-07-03,298.0
2011-07-04,285.0
2011-07-05,300.0
2011-07-06,311.0
2011-07-07,320.0
2011-07-08,313.0
2011-07-09,305.0
2011-07-10,297.0
2011-07-11,296.0
2011-07-12,310.0
2011-07-13,337.0
2011-07-14,361.0
2011-07-15,369.0
2011-07-16,361.0
2011-07-17,347.0
2011-07-18,334.0
2011-07-19,312.0
2011-07-20,292.0
2011-07-21,278.0
2011-07-22,290.0
2011-07-23,310.0
2011-07-24,324.0
2011-07-25,318.0
2011-07-26,322.0
2011-07-27,334.0
2011-07-28,345.0
2011-07-29,339.0
2011-07-30,297.0
2011-07-31,292.0
2011-08-01,253.0
2011-08-02,246.0
2011-08-03,263.0
2011-08-04,277.0
2011-08-05,310.0
2011-08-06,344.0
2011-08-07,363.0
2011-08-08,358.0
2011-08-09,344.0
2011-08-10,307.0
2011-08-11,285.0
2011-08-12,276.0
2011-08-13,287.0
2011-08-14,285.0
2011-08-15,277.0
2011-08-16,286.0
2011-08-17,282.0
2011-08-18,268.0
2011-08-19,260.0
2011-08-20,251.0
2011-08-21,260.0
2011-08-22,267.0
2011-08-23,283.0
2011-08-24,307.0
2011-08-25,306.0
2011-08-26,285.0
2011-08-27,274.0
2011-08-28,281.0
2011-08-29,248.0
2011-08-30,217.0
2011-08-31,197.0
2011-09-01,172.0
2011-09-02,174.0
2011-09-03,176.0
2011-09-04,177.0
2011-09-05,182.0
2011-09-06,172.0
2011-09-07,184.0
2011-09-08,184.0
2011-09-09,190.0
2011-09-10,185.0
2011-09-11,178.0
2011-09-12,172.0
2011-09-13,175.0
2011-09-14,176.0
2011-09-15,172.0
2011-09-16,155.0
2011-09-17,143.0
2011-09-18,127.0
2011-09-19,122.0
2011-09-20,114.0
2011-09-21,108.0
2011-09-22,105.0
2011-09-23,104.0
2011-09-24,98.9
2011-09-25,96.2
2011-09-26,94.2
2011-09-27,90.7
2011-09-28,89.8
2011-09-29,91.6
2011-09-30,87.0
2011-10-01,84.6
2011-10-02,85.9
2011-10-03,83.3
2011-10-04,82.4
2011-10-05,82.7
2011-10-06,82.6
2011-10-07,81.6
2011-10-08,79.8
2011-10-09,78.6
2011-10-10,76.9
2011-10-11,77.0
2011-10-12,77.0
2011-10-13,77.0
2011-10-14,77.3
2011-10-15,77.3
2011-10-16,77.1
2011-10-17,75.4
2011-10-18,74.4
2011-10-19,73.5
2011-10-20,71.1
2011-10-21,69.1
2011-10-22,70.5
2011-10-23,78.1
2011-10-24,71.8
2011-10-25,70.6
2011-10-26,68.6
2011-10-27,68.7
2011-10-28,67.4
2011-10-29,67.8
2011-10-30,68.4
2011-10-31,71.5
2011-11-01,75.3
2011-11-02,72.6
2011-11-03,78.9
2011-11-04,79.9
2011-11-05,75.9
2011-11-06,72.4
2011-11-07,70.8
2011-11-08,76.8
2011-11-09,79.6
2011-11-10,75.9
2011-11-11,78.6
2011-11-12,81.0
2011-11-13,77.8
2011-11-14,77.8
2011-11-15,79.7
2011-11-16,75.6
2011-11-17,72.3
2011-11-18,83.4
2011-11-19,85.9
2011-11-20,79.4
2011-11-21,73.7
2011-11-22,70.4
2011-11-23,68.2
2011-11-24,70.7
2011-11-25,70.7
2011-11-26,68.2
2011-11-27,65.5
2011-11-28,62.8
2011-11-29,59.3
2011-11-30,59.5
2011-12-01,60.4
2011-12-02,61.3
2011-12-03,63.1
2011-12-04,63.5
2011-12-05,61.1
2011-12-06,61.0
2011-12-07,61.0
2011-12-08,58.8
2011-12-09,55.0
2011-12-10,54.2
2011-12-11,54.2
2011-12-12,56.6
2011-12-13,58.3
2011-12-14,57.1
2011-12-15,56.3
2011-12-16,54.5
2011-12-17,53.6
2011-12-18,53.7
2011-12-19,53.7
2011-12-20,53.7
2011-12-21,53.7
2011-12-22,53.7
2011-12-23,53.3
2011-12-24,52.5
2011-12-25,51.8
2011-12-26,51.6
2011-12-27,51.7
2011-12-28,51.7
2011-12-29,51.3
2011-12-30,50.9
2011-12-31,50.9
2012-01-01,50.9
2012-01-02,50.2
2012-01-03,49.5
2012-01-04,49.2
2012-01-05,49.4
2012-01-06,50.1
2012-01-07,51.0
2012-01-08,51.0
2012-01-09,48.5
2012-01-10,45.0
2012-01-11,47.0
2012-01-12,50.1
2012-01-13,50.1
2012-01-14,50.1
2012-01-15,50.1
2012-01-16,49.3
2012-01-17,49.3
2012-01-18,49.3
2012-01-19,49.3
2012-01-20,49.3
2012-01-21,49.2
2012-01-22,49.1
2012-01-23,49.1
2012-01-24,49.0
2012-01-25,49.0
2012-01-26,49.0
2012-01-27,49.0
2012-01-28,49.0
2012-01-29,49.0
2012-01-30,49.0
2012-01-31,49.0
2012-02-01,49.0
2012-02-02,49.0
2012-02-03,49.0
2012-02-04,49.0
2012-02-05,49.0
2012-02-06,49.0
2012-02-07,49.0
2012-02-08,49.0
2012-02-09,49.0
2012-02-10,49.0
2012-02-11,48.1
2012-02-12,47.3
2012-02-13,47.3
2012-02-14,47.3
2012-02-15,47.3
2012-02-16,47.3
2012-02-17,47.3
2012-02-18,48.5
2012-02-19,49.6
2012-02-20,49.5
2012-02-21,49.5
2012-02-22,49.4
2012-02-23,46.5
2012-02-24,47.0
2012-02-25,47.0
2012-02-26,46.0
2012-02-27,45.7
2012-02-28,46.3
2012-02-29,46.6
2012-03-01,46.1
2012-03-02,45.7
2012-03-03,51.6
2012-03-04,51.1
2012-03-05,43.0
2012-03-06,44.9
2012-03-07,42.5
2012-03-08,40.9
2012-03-09,41.3
2012-03-10,41.3
2012-03-11,41.3
2012-03-12,41.3
2012-03-13,40.6
2012-03-14,40.4
2012-03-15,41.1
2012-03-16,51.0
2012-03-17,59.0
2012-03-18,52.2
2012-03-19,54.3
2012-03-20,50.1
2012-03-21,47.3
2012-03-22,46.8
2012-03-23,46.5
2012-03-24,47.0
2012-03-25,53.1
2012-03-26,55.7
2012-03-27,56.4
2012-03-28,51.1
2012-03-29,51.7
2012-03-30,53.0
2012-03-31,60.4
2012-04-01,79.7
2012-04-02,89.7
2012-04-03,81.9
2012-04-04,76.1
2012-04-05,76.1
2012-04-06,74.9
2012-04-07,74.3
2012-04-08,72.7
2012-04-09,72.3
2012-04-10,71.1
2012-04-11,76.7
2012-04-12,74.6
2012-04-13,75.4
2012-04-14,76.3
2012-04-15,74.7
2012-04-16,75.8
2012-04-17,77.6
2012-04-18,73.9
2012-04-19,76.6
2012-04-20,79.9
2012-04-21,83.6
2012-04-22,101.0
2012-04-23,109.0
2012-04-24,127.0
2012-04-25,146.0
2012-04-26,146.0
2012-04-27,140.0
2012-04-28,160.0
2012-04-29,154.0
2012-04-30,145.0
2012-05-01,132.0
2012-05-02,125.0
2012-05-03,117.0
2012-05-04,108.0
2012-05-05,107.0
2012-05-06,113.0
2012-05-07,118.0
2012-05-08,117.0
2012-05-09,121.0
2012-05-10,119.0
2012-05-11,167.0
2012-05-12,159.0
2012-05-13,148.0
2012-05-14,138.0
2012-05-15,134.0
2012-05-16,127.0
2012-05-17,127.0
2012-05-18,141.0
2012-05-19,150.0
2012-05-20,150.0
2012-05-21,140.0
2012-05-22,139.0
2012-05-23,141.0
2012-05-24,137.0
2012-05-25,141.0
2012-05-26,156.0
2012-05-27,173.0
2012-05-28,167.0
2012-05-29,183.0
2012-05-30,200.0
2012-05-31,195.0
2012-06-01,213.0
2012-06-02,236.0
2012-06-03,258.0
2012-06-04,273.0
2012-06-05,284.0
2012-06-06,267.0
2012-06-07,253.0
2012-06-08,262.0
2012-06-09,274.0
2012-06-10,271.0
2012-06-11,272.0
2012-06-12,274.0
2012-06-13,280.0
2012-06-14,279.0
2012-06-15,289.0
2012-06-16,296.0
2012-06-17,313.0
2012-06-18,332.0
2012-06-19,374.0
2012-06-20,419.0
2012-06-21,416.0
2012-06-22,420.0
2012-06-23,434.0
2012-06-24,407.0
2012-06-25,494.0
2012-06-26,373.0
2012-06-27,356.0
2012-06-28,333.0
2012-06-29,317.0
2012-06-30,311.0
2012-07-01,342.0
2012-07-02,364.0
2012-07-03,403.0
2012-07-04,448.0
2012-07-05,472.0
2012-07-06,475.0
2012-07-07,496.0
2012-07-08,538.0
2012-07-09,536.0
2012-07-10,499.0
2012-07-11,492.0
2012-07-12,496.0
2012-07-13,488.0
2012-07-14,493.0
2012-07-15,486.0
2012-07-16,469.0
2012-07-17,454.0
2012-07-18,446.0
2012-07-19,446.0
2012-07-20,433.0
2012-07-21,399.0
2012-07-22,368.0
2012-07-23,372.0
2012-07-24,370.0
2012-07-25,371.0
2012-07-26,352.0
2012-07-27,351.0
2012-07-28,345.0
2012-07-29,288.0
2012-07-30,283.0
2012-07-31,287.0
2012-08-01,316.0
2012-08-02,336.0
2012-08-03,323.0
2012-08-04,316.0
2012-08-05,318.0
2012-08-06,313.0
2012-08-07,314.0
2012-08-08,320.0
2012-08-09,310.0
2012-08-10,307.0
2012-08-11,310.0
2012-08-12,309.0
2012-08-13,299.0
2012-08-14,277.0
2012-08-15,261.0
2012-08-16,258.0
2012-08-17,265.0
2012-08-18,279.0
2012-08-19,294.0
2012-08-20,314.0
2012-08-21,312.0
2012-08-22,321.0
2012-08-23,324.0
2012-08-24,312.0
2012-08-25,293.0
2012-08-26,283.0
2012-08-27,284.0
2012-08-28,287.0
2012-08-29,287.0
2012-08-30,285.0
2012-08-31,289.0
2012-09-01,284.0
2012-09-02,279.0
2012-09-03,264.0
2012-09-04,247.0
2012-09-05,229.0
2012-09-06,227.0
2012-09-07,223.0
2012-09-08,226.0
2012-09-09,215.0
2012-09-10,216.0
2012-09-11,211.0
2012-09-12,213.0
2012-09-13,215.0
2012-09-14,212.0
2012-09-15,205.0
2012-09-16,192.0
2012-09-17,184.0
2012-09-18,170.0
2012-09-19,165.0
2012-09-20,156.0
2012-09-21,149.0
2012-09-22,144.0
2012-09-23,141.0
2012-09-24,139.0
2012-09-25,137.0
2012-09-26,138.0
2012-09-27,138.0
2012-09-28,138.0
2012-09-29,137.0
2012-09-30,136.0
2012-10-01,135.0
2012-10-02,134.0
2012-10-03,128.0
2012-10-04,117.0
2012-10-05,117.0
2012-10-06,113.0
2012-10-07,108.0
2012-10-08,101.0
2012-10-09,101.0
2012-10-10,94.0
2012-10-11,91.8
2012-10-12,90.2
2012-10-13,90.8
2012-10-14,88.5
2012-10-15,88.5
2012-10-16,88.5
2012-10-17,84.1
2012-10-18,79.1
2012-10-19,78.1
2012-10-20,77.7
2012-10-21,77.7
2012-10-22,77.7
2012-10-23,77.5
2012-10-24,76.0
2012-10-25,76.6
2012-10-26,77.6
2012-10-27,78.1
2012-10-28,77.6
2012-10-29,77.6
2012-10-30,76.0
2012-10-31,75.7
2012-11-01,75.8
2012-11-02,75.3
2012-11-03,76.2
2012-11-04,76.7
2012-11-05,71.8
2012-11-06,75.5
2012-11-07,75.5
2012-11-08,75.5
2012-11-09,74.6
2012-11-10,72.5
2012-11-11,71.2
2012-11-12,70.8
2012-11-13,70.6
2012-11-14,70.6
2012-11-15,70.8
2012-11-16,71.1
2012-11-17,71.2
2012-11-18,72.3
2012-11-19,72.4
2012-11-20,71.7
2012-11-21,69.0
2012-11-22,67.1
2012-11-23,64.6
2012-11-24,64.3
2012-11-25,63.2
2012-11-26,63.3
2012-11-27,63.6
2012-11-28,64.1
2012-11-29,62.9
2012-11-30,62.5
2012-12-01,61.9
2012-12-02,61.9
2012-12-03,62.0
2012-12-04,61.4
2012-12-05,61.3
2012-12-06,61.3
2012-12-07,61.3
2012-12-08,60.5
2012-12-09,60.0
2012-12-10,60.0
2012-12-11,60.0
2012-12-12,60.0
2012-12-13,60.0
2012-12-14,60.0
2012-12-15,60.4
2012-12-16,60.0
2012-12-17,58.9
2012-12-18,58.6
2012-12-19,58.1
2012-12-20,57.6
2012-12-21,57.3
2012-12-22,56.9
2012-12-23,56.9
2012-12-24,57.0
2012-12-25,56.8
2012-12-26,56.6
2012-12-27,56.6
2012-12-28,58.6
2012-12-29,58.6
2012-12-30,58.6
2012-12-31,58.1
2013-01-01,57.6
2013-01-02,57.6
2013-01-03,57.6
2013-01-04,57.6
2013-01-05,57.6
2013-01-06,57.7
2013-01-07,57.7
2013-01-08,57.7
2013-01-09,57.7
2013-01-10,57.7
2013-01-11,57.7
2013-01-12,57.7
2013-01-13,57.7
2013-01-14,57.7
2013-01-15,57.7
2013-01-16,57.7
2013-01-17,57.7
2013-01-18,57.7
2013-01-19,57.6
2013-01-20,56.5
2013-01-21,57.1
2013-01-22,57.7
2013-01-23,57.7
2013-01-24,57.7
2013-01-25,57.7
2013-01-26,57.7
2013-01-27,57.7
2013-01-28,58.8
2013-01-29,58.8
2013-01-30,58.8
2013-01-31,58.8
2013-02-01,58.8
2013-02-02,59.9
2013-02-03,60.5
2013-02-04,59.9
2013-02-05,57.2
2013-02-06,55.6
2013-02-07,56.7
2013-02-08,56.7
2013-02-09,56.7
2013-02-10,56.8
2013-02-11,54.8
2013-02-12,55.7
2013-02-13,56.4
2013-02-14,51.5
2013-02-15,46.4
2013-02-16,46.0
2013-02-17,46.0
2013-02-18,47.2
2013-02-19,47.3
2013-02-20,45.9
2013-02-21,47.1
2013-02-22,48.9
2013-02-23,48.5
2013-02-24,49.0
2013-02-25,49.0
2013-02-26,49.1
2013-02-27,49.2
2013-02-28,48.5
2013-03-01,47.2
2013-03-02,46.6
2013-03-03,44.3
2013-03-04,45.9
2013-03-05,46.8
2013-03-06,46.8
2013-03-07,46.0
2013-03-08,46.0
2013-03-09,46.8
2013-03-10,48.9
2013-03-11,51.2
2013-03-12,50.6
2013-03-13,51.7
2013-03-14,52.1
2013-03-15,52.6
2013-03-16,52.4
2013-03-17,51.0
2013-03-18,50.8
2013-03-19,49.8
2013-03-20,49.0
2013-03-21,52.3
2013-03-22,54.0
2013-03-23,52.4
2013-03-24,52.5
2013-03-25,50.3
2013-03-26,51.4
2013-03-27,52.6
2013-03-28,49.5
2013-03-29,49.5
2013-03-30,49.3
2013-03-31,51.3
2013-04-01,58.0
2013-04-02,59.4
2013-04-03,53.3
2013-04-04,53.6
2013-04-05,51.4
2013-04-06,52.5
2013-04-07,50.7
2013-04-08,48.7
2013-04-09,46.8
2013-04-10,46.2
2013-04-11,46.3
2013-04-12,46.6
2013-04-13,50.8
2013-04-14,56.4
2013-04-15,60.5
2013-04-16,73.8
2013-04-17,70.8
2013-04-18,69.3
2013-04-19,67.0
2013-04-20,64.8
2013-04-21,61.1
2013-04-22,60.1
2013-04-23,59.9
2013-04-24,68.8
2013-04-25,80.1
2013-04-26,81.9
2013-04-27,80.5
2013-04-28,81.8
2013-04-29,87.7
2013-04-30,83.3
2013-05-01,77.9
2013-05-02,73.3
2013-05-03,69.2
2013-05-04,69.6
2013-05-05,71.2
2013-05-06,69.1
2013-05-07,72.7
2013-05-08,79.6
2013-05-09,87.4
2013-05-10,88.9
2013-05-11,92.7
2013-05-12,96.7
2013-05-13,111.0
2013-05-14,105.0
2013-05-15,97.1
2013-05-16,94.0
2013-05-17,107.0
2013-05-18,121.0
2013-05-19,153.0
2013-05-20,186.0
2013-05-21,190.0
2013-05-22,184.0
2013-05-23,179.0
2013-05-24,185.0
2013-05-25,201.0
2013-05-26,200.0
2013-05-27,184.0
2013-05-28,177.0
2013-05-29,174.0
2013-05-30,172.0
2013-05-31,184.0
2013-06-01,210.0
2013-06-02,243.0
2013-06-03,270.0
2013-06-04,288.0
2013-06-05,291.0
2013-06-06,289.0
2013-06-07,283.0
2013-06-08,296.0
2013-06-09,307.0
2013-06-10,324.0
2013-06-11,358.0
2013-06-12,386.0
2013-06-13,399.0
2013-06-14,390.0
2013-06-15,393.0
2013-06-16,361.0
2013-06-17,337.0
2013-06-18,320.0
2013-06-19,328.0
2013-06-20,338.0
2013-06-21,369.0
2013-06-22,384.0
2013-06-23,393.0
2013-06-24,401.0
2013-06-25,414.0
2013-06-26,440.0
2013-06-27,441.0
2013-06-28,441.0
2013-06-29,424.0
2013-06-30,358.0
2013-07-01,308.0
2013-07-02,302.0
2013-07-03,287.0
2013-07-04,280.0
2013-07-05,281.0
2013-07-06,279.0
2013-07-07,293.0
2013-07-08,292.0
2013-07-09,300.0
2013-07-10,299.0
2013-07-11,285.0
2013-07-12,261.0
2013-07-13,258.0
2013-07-14,264.0
2013-07-15,274.0
2013-07-16,273.0
2013-07-17,287.0
2013-07-18,314.0
2013-07-19,386.0
2013-07-20,410.0
2013-07-21,393.0
2013-07-22,412.0
2013-07-23,420.0
2013-07-24,393.0
2013-07-25,381.0
2013-07-26,397.0
2013-07-27,415.0
2013-07-28,437.0
2013-07-29,449.0
2013-07-30,478.0
2013-07-31,483.0
2013-08-01,482.0
2013-08-02,482.0
2013-08-03,467.0
2013-08-04,447.0
2013-08-05,416.0
2013-08-06,397.0
2013-08-07,383.0
2013-08-08,385.0
2013-08-09,348.0
2013-08-10,343.0
2013-08-11,327.0
2013-08-12,321.0
2013-08-13,322.0
2013-08-14,303.0
2013-08-15,249.0
2013-08-16,258.0
2013-08-17,269.0
2013-08-18,260.0
2013-08-19,260.0
2013-08-20,258.0
2013-08-21,248.0
2013-08-22,239.0
2013-08-23,230.0
2013-08-24,231.0
2013-08-25,228.0
2013-08-26,217.0
2013-08-27,220.0
2013-08-28,227.0
2013-08-29,224.0
2013-08-30,223.0
2013-08-31,211.0
2013-09-01,205.0
2013-09-02,200.0
2013-09-03,194.0
2013-09-04,188.0
2013-09-05,189.0
2013-09-06,188.0
2013-09-07,193.0
2013-09-08,191.0
2013-09-09,196.0
2013-09-10,198.0
2013-09-11,199.0
2013-09-12,198.0
2013-09-13,194.0
2013-09-14,188.0
2013-09-15,176.0
2013-09-16,165.0
2013-09-17,158.0
2013-09-18,145.0
2013-09-19,142.0
2013-09-20,136.0
2013-09-21,130.0
2013-09-22,132.0
2013-09-23,131.0
2013-09-24,129.0
2013-09-25,125.0
2013-09-26,122.0
2013-09-27,123.0
2013-09-28,123.0
2013-09-29,127.0
2013-09-30,128.0
2013-10-01,129.0
2013-10-02,127.0
2013-10-03,125.0
2013-10-04,125.0
2013-10-05,124.0
2013-10-06,124.0
2013-10-07,124.0
2013-10-08,124.0
2013-10-09,125.0
2013-10-10,126.0
2013-10-11,126.0
2013-10-12,123.0
2013-10-13,119.0
2013-10-14,114.0
2013-10-15,110.0
2013-10-16,105.0
2013-10-17,100.0
2013-10-18,93.0
2013-10-19,91.5
2013-10-20,91.3
2013-10-21,91.2
2013-10-22,75.6
2013-10-23,76.8
2013-10-24,77.8
2013-10-25,77.8
2013-10-26,78.4
2013-10-27,78.4
2013-10-28,78.1
2013-10-29,76.3
2013-10-30,74.4
2013-10-31,73.4
2013-11-01,72.1
2013-11-02,71.6
2013-11-03,71.6
2013-11-04,71.3
2013-11-05,71.2
2013-11-06,69.0
2013-11-07,68.9
2013-11-08,67.9
2013-11-09,67.6
2013-11-10,67.4
2013-11-11,66.9
2013-11-12,65.3
2013-11-13,65.9
2013-11-14,65.6
2013-11-15,65.6
2013-11-16,65.6
2013-11-17,65.2
2013-11-18,65.2
2013-11-19,64.9
2013-11-20,64.4
2013-11-21,64.0
2013-11-22,61.7
2013-11-23,63.7
2013-11-24,63.7
2013-11-25,63.8
2013-11-26,62.9
2013-11-27,62.5
2013-11-28,62.4
2013-11-29,62.4
2013-11-30,62.1
2013-12-01,59.0
2013-12-02,56.6
2013-12-03,56.5
2013-12-04,56.4
2013-12-05,56.4
2013-12-06,56.4
2013-12-07,47.7
2013-12-08,47.7
2013-12-09,47.7
2013-12-10,46.3
2013-12-11,52.9
2013-12-12,53.0
2013-12-13,51.3
2013-12-14,49.7
2013-12-15,49.8
2013-12-16,49.7
2013-12-17,49.7
2013-12-18,49.7
2013-12-19,49.7
2013-12-20,49.7
2013-12-21,49.7
2013-12-22,49.7
2013-12-23,49.7
2013-12-24,49.7
2013-12-25,49.7
2013-12-26,49.7
2013-12-27,48.3
2013-12-28,47.3
2013-12-29,47.3
2013-12-30,47.3
2013-12-31,47.3
2014-01-01,47.3
2014-01-02,49.7
2014-01-03,49.7
2014-01-04,49.7
2014-01-05,49.7
2014-01-06,49.7
2014-01-07,49.7
2014-01-08,49.2
2014-01-09,48.9
2014-01-10,48.8
2014-01-11,49.0
2014-01-12,49.0
2014-01-13,49.0
2014-01-14,48.8
2014-01-15,48.7
2014-01-16,48.7
2014-01-17,49.1
2014-01-18,49.2
2014-01-19,49.2
2014-01-20,48.9
2014-01-21,48.7
2014-01-22,48.7
2014-01-23,48.6
2014-01-24,48.3
2014-01-25,47.5
2014-01-26,48.7
2014-01-27,46.3
2014-01-28,45.4
2014-01-29,45.7
2014-01-30,47.8
2014-01-31,47.5
2014-02-01,47.1
2014-02-02,47.1
2014-02-03,47.1
2014-02-04,47.1
2014-02-05,47.1
2014-02-06,47.1
2014-02-07,47.1
2014-02-08,47.1
2014-02-09,47.1
2014-02-10,47.1
2014-02-11,47.1
2014-02-12,47.1
2014-02-13,47.1
2014-02-14,47.1
2014-02-15,47.1
2014-02-16,47.1
2014-02-17,47.8
2014-02-18,47.5
2014-02-19,47.5
2014-02-20,47.5
2014-02-21,47.3
2014-02-22,47.1
2014-02-23,47.1
2014-02-24,47.1
2014-02-25,47.1
2014-02-26,47.1
2014-02-27,47.3
2014-02-28,47.1
2014-03-01,47.1
2014-03-02,47.1
2014-03-03,46.0
2014-03-04,47.0
2014-03-05,48.3
2014-03-06,46.4
2014-03-07,46.7
2014-03-08,56.9
2014-03-09,57.8
2014-03-10,53.1
2014-03-11,50.0
2014-03-12,51.2
2014-03-13,51.3
2014-03-14,52.0
2014-03-15,57.0
2014-03-16,59.5
2014-03-17,59.9
2014-03-18,59.0
2014-03-19,58.9
2014-03-20,58.9
2014-03-21,60.9
2014-03-22,60.7
2014-03-23,63.6
2014-03-24,63.7
2014-03-25,63.5
2014-03-26,62.3
2014-03-27,61.1
2014-03-28,59.1
2014-03-29,55.9
2014-03-30,54.8
2014-03-31,54.5
2014-04-01,55.9
2014-04-02,57.6
2014-04-03,57.4
2014-04-04,47.8
2014-04-05,47.0
2014-04-06,45.7
2014-04-07,49.5
2014-04-08,52.3
2014-04-09,49.5
2014-04-10,48.7
2014-04-11,61.8
2014-04-12,70.5
2014-04-13,69.5
2014-04-14,65.1
2014-04-15,62.6
2014-04-16,58.4
2014-04-17,56.2
2014-04-18,59.0
2014-04-19,56.7
2014-04-20,55.0
2014-04-21,51.9
2014-04-22,52.0
2014-04-23,52.1
2014-04-24,50.3
2014-04-25,55.6
2014-04-26,61.6
2014-04-27,57.9
2014-04-28,49.4
2014-04-29,48.1
2014-04-30,50.0
2014-05-01,50.9
2014-05-02,59.5
2014-05-03,71.3
2014-05-04,82.7
2014-05-05,86.9
2014-05-06,85.2
2014-05-07,88.3
2014-05-08,93.9
2014-05-09,105.0
2014-05-10,135.0
2014-05-11,150.0
2014-05-12,147.0
2014-05-13,143.0
2014-05-14,123.0
2014-05-15,121.0
2014-05-16,120.0
2014-05-17,125.0
2014-05-18,137.0
2014-05-19,136.0
2014-05-20,139.0
2014-05-21,133.0
2014-05-22,125.0
2014-05-23,122.0
2014-05-24,112.0
2014-05-25,121.0
2014-05-26,125.0
2014-05-27,136.0
2014-05-28,149.0
2014-05-29,158.0
2014-05-30,181.0
2014-05-31,191.0
2014-06-01,180.0
2014-06-02,168.0
2014-06-03,157.0
2014-06-04,148.0
2014-06-05,144.0
2014-06-06,145.0
2014-06-07,153.0
2014-06-08,149.0
2014-06-09,147.0
2014-06-10,148.0
2014-06-11,144.0
2014-06-12,150.0
2014-06-13,149.0
2014-06-14,172.0
2014-06-15,206.0
2014-06-16,282.0
2014-06-17,327.0
2014-06-18,323.0
2014-06-19,311.0
2014-06-20,305.0
2014-06-21,293.0
2014-06-22,288.0
2014-06-23,286.0
2014-06-24,314.0
2014-06-25,335.0
2014-06-26,369.0
2014-06-27,398.0
2014-06-28,390.0
2014-06-29,390.0
2014-06-30,383.0
2014-07-01,397.0
2014-07-02,411.0
2014-07-03,409.0
2014-07-04,355.0
2014-07-05,319.0
2014-07-06,284.0
2014-07-07,259.0
2014-07-08,257.0
2014-07-09,267.0
2014-07-10,283.0
2014-07-11,295.0
2014-07-12,291.0
2014-07-13,278.0
2014-07-14,272.0
2014-07-15,281.0
2014-07-16,277.0
2014-07-17,270.0
2014-07-18,272.0
2014-07-19,256.0
2014-07-20,250.0
2014-07-21,239.0
2014-07-22,248.0
2014-07-23,255.0
2014-07-24,279.0
2014-07-25,309.0
2014-07-26,315.0
2014-07-27,315.0
2014-07-28,304.0
2014-07-29,307.0
2014-07-30,288.0
2014-07-31,285.0
2014-08-01,276.0
2014-08-02,258.0
2014-08-03,257.0
2014-08-04,227.0
2014-08-05,207.0
2014-08-06,214.0
2014-08-07,222.0
2014-08-08,225.0
2014-08-09,253.0
2014-08-10,265.0
2014-08-11,250.0
2014-08-12,252.0
2014-08-13,254.0
2014-08-14,257.0
2014-08-15,243.0
2014-08-16,210.0
2014-08-17,168.0
2014-08-18,168.0
2014-08-19,127.0
2014-08-20,133.0
2014-08-21,137.0
2014-08-22,181.0
2014-08-23,180.0
2014-08-24,192.0
2014-08-25,204.0
2014-08-26,189.0
2014-08-27,178.0
2014-08-28,171.0
2014-08-29,168.0
2014-08-30,187.0
2014-08-31,189.0
2014-09-01,175.0
2014-09-02,188.0
2014-09-03,192.0
2014-09-04,179.0
2014-09-05,159.0
2014-09-06,153.0
2014-09-07,153.0
2014-09-08,140.0
2014-09-09,134.0
2014-09-10,127.0
2014-09-11,130.0
2014-09-12,126.0
2014-09-13,126.0
2014-09-14,120.0
2014-09-15,117.0
2014-09-16,114.0
2014-09-17,110.0
2014-09-18,104.0
2014-09-19,102.0
2014-09-20,109.0
2014-09-21,107.0
2014-09-22,102.0
2014-09-23,97.4
2014-09-24,95.5
2014-09-25,97.5
2014-09-26,95.3
2014-09-27,93.7
2014-09-28,93.5
2014-09-29,88.7
2014-09-30,84.7
2014-10-01,79.7
2014-10-02,79.5
2014-10-03,79.3
2014-10-04,81.0
2014-10-05,79.5
2014-10-06,79.4
2014-10-07,79.2
2014-10-08,81.1
2014-10-09,81.3
2014-10-10,78.7
2014-10-11,77.1
2014-10-12,77.6
2014-10-13,77.3
2014-10-14,76.8
2014-10-15,75.7
2014-10-16,74.9
2014-10-17,73.0
2014-10-18,72.9
2014-10-19,72.9
2014-10-20,73.0
2014-10-21,72.8
2014-10-22,71.9
2014-10-23,74.3
2014-10-24,73.1
2014-10-25,73.1
2014-10-26,73.1
2014-10-27,73.1
2014-10-28,73.0
2014-10-29,73.0
2014-10-30,72.9
2014-10-31,72.0
2014-11-01,71.7
2014-11-02,69.7
2014-11-03,66.8
2014-11-04,66.5
2014-11-05,66.7
2014-11-06,67.0
2014-11-07,67.4
2014-11-08,66.5
2014-11-09,57.7
2014-11-10,54.0
2014-11-11,55.2
2014-11-12,57.6
2014-11-13,57.4
2014-11-14,56.1
2014-11-15,54.0
2014-11-16,54.2
2014-11-17,54.1
2014-11-18,52.7
2014-11-19,52.5
2014-11-20,52.8
2014-11-21,52.8
2014-11-22,52.8
2014-11-23,52.8
2014-11-24,52.8
2014-11-25,52.4
2014-11-26,52.0
2014-11-27,52.2
2014-11-28,52.7
2014-11-29,52.7
2014-11-30,52.7
2014-12-01,49.0
2014-12-02,52.7
2014-12-03,52.3
2014-12-04,51.4
2014-12-05,51.4
2014-12-06,51.4
2014-12-07,51.5
2014-12-08,51.8
2014-12-09,50.8
2014-12-10,50.8
2014-12-11,49.5
2014-12-12,49.1
2014-12-13,49.1
2014-12-14,49.1
2014-12-15,45.8
2014-12-16,43.7
2014-12-17,41.9
2014-12-18,40.6
2014-12-19,40.6
2014-12-20,40.6
2014-12-21,40.6
2014-12-22,40.6
2014-12-23,40.4
2014-12-24,39.8
2014-12-25,39.8
2014-12-26,39.8
2014-12-27,39.9
2014-12-28,40.0
2014-12-29,38.9
2014-12-30,38.5
2014-12-31,38.5
2015-01-01,38.5
2015-01-02,40.7
2015-01-03,40.2
2015-01-04,40.2
2015-01-05,40.2
2015-01-06,40.2
2015-01-07,40.2
2015-01-08,40.7
2015-01-09,39.0
2015-01-10,38.0
2015-01-11,38.6
2015-01-12,36.7
2015-01-13,37.7
2015-01-14,37.7
2015-01-15,37.7
2015-01-16,37.7
2015-01-17,37.3
2015-01-18,37.2
2015-01-19,37.2
2015-01-20,36.4
2015-01-21,36.0
2015-01-22,36.6
2015-01-23,37.2
2015-01-24,37.6
2015-01-25,37.0
2015-01-26,37.0
2015-01-27,37.0
2015-01-28,36.2
2015-01-29,35.9
2015-01-30,36.0
2015-01-31,36.0
2015-02-01,36.0
2015-02-02,36.0
2015-02-03,36.0
2015-02-04,36.0
2015-02-05,36.0
2015-02-06,36.6
2015-02-07,37.2
2015-02-08,37.2
2015-02-09,37.2
2015-02-10,37.2
2015-02-11,37.2
2015-02-12,41.1
2015-02-13,50.7
2015-02-14,65.1
2015-02-15,58.6
2015-02-16,61.9
2015-02-17,56.6
2015-02-18,46.4
2015-02-19,49.8
2015-02-20,45.7
2015-02-21,43.5
2015-02-22,49.0
2015-02-23,58.8
2015-02-24,60.2
2015-02-25,56.0
2015-02-26,51.4
2015-02-27,50.5
2015-02-28,47.4
2015-03-01,47.0
2015-03-02,45.7
2015-03-03,45.0
2015-03-04,43.8
2015-03-05,42.6
2015-03-06,41.4
2015-03-07,42.4
2015-03-08,46.4
2015-03-09,43.4
2015-03-10,44.4
2015-03-11,43.8
2015-03-12,43.2
2015-03-13,43.6
2015-03-14,43.5
2015-03-15,43.4
2015-03-16,43.3
2015-03-17,42.3
2015-03-18,44.4
2015-03-19,45.9
2015-03-20,43.4
2015-03-21,41.9
2015-03-22,43.7
2015-03-23,45.7
2015-03-24,56.7
2015-03-25,61.1
2015-03-26,58.0
2015-03-27,57.4
2015-03-28,56.0
2015-03-29,56.0
2015-03-30,56.0
2015-03-31,56.0
2015-04-01,58.4
2015-04-02,58.3
2015-04-03,58.7
2015-04-04,56.9
2015-04-05,54.9
2015-04-06,54.5
2015-04-07,62.0
2015-04-08,55.7
2015-04-09,57.2
2015-04-10,56.8
2015-04-11,57.3
2015-04-12,56.3
2015-04-13,56.7
2015-04-14,61.1
2015-04-15,72.9
2015-04-16,79.4
2015-04-17,77.5
2015-04-18,75.9
2015-04-19,76.6
2015-04-20,73.2
2015-04-21,67.4
2015-04-22,63.6
2015-04-23,59.3
2015-04-24,60.6
2015-04-25,66.9
2015-04-26,76.7
2015-04-27,91.9
2015-04-28,87.9
2015-04-29,78.3
2015-04-30,74.8
2015-05-01,76.5
2015-05-02,73.7
2015-05-03,68.1
2015-05-04,62.4
2015-05-05,68.6
2015-05-06,78.6
2015-05-07,93.3
2015-05-08,107.0
2015-05-09,171.0
2015-05-10,197.0
2015-05-11,182.0
2015-05-12,184.0
2015-05-13,181.0
2015-05-14,183.0
2015-05-15,194.0
2015-05-16,200.0
2015-05-17,225.0
2015-05-18,218.0
2015-05-19,201.0
2015-05-20,187.0
2015-05-21,173.0
2015-05-22,180.0
2015-05-23,186.0
2015-05-24,181.0
2015-05-25,173.0
2015-05-26,164.0
2015-05-27,158.0
2015-05-28,147.0
2015-05-29,154.0
2015-05-30,155.0
2015-05-31,175.0
2015-06-01,188.0
2015-06-02,198.0
2015-06-03,214.0
2015-06-04,238.0
2015-06-05,269.0
2015-06-06,305.0
2015-06-07,334.0
2015-06-08,383.0
2015-06-09,425.0
2015-06-10,417.0
2015-06-11,424.0
2015-06-12,437.0
2015-06-13,449.0
2015-06-14,437.0
2015-06-15,418.0
2015-06-16,374.0
2015-06-17,370.0
2015-06-18,383.0
2015-06-19,483.0
2015-06-20,484.0
2015-06-21,489.0
2015-06-22,463.0
2015-06-23,445.0
2015-06-24,423.0
2015-06-25,377.0
2015-06-26,341.0
2015-06-27,318.0
2015-06-28,305.0
2015-06-29,288.0
2015-06-30,277.0
2015-07-01,280.0
2015-07-02,314.0
2015-07-03,358.0
2015-07-04,420.0
2015-07-05,453.0
2015-07-06,492.0
2015-07-07,502.0
2015-07-08,503.0
2015-07-09,503.0
2015-07-10,515.0
2015-07-11,512.0
2015-07-12,501.0
2015-07-13,514.0
2015-07-14,528.0
2015-07-15,521.0
2015-07-16,506.0
2015-07-17,537.0
2015-07-18,569.0
2015-07-19,563.0
2015-07-20,551.0
2015-07-21,541.0
2015-07-22,546.0
2015-07-23,523.0
2015-07-24,535.0
2015-07-25,531.0
2015-07-26,520.0
2015-07-27,499.0
2015-07-28,479.0
2015-07-29,527.0
2015-07-30,431.0
2015-07-31,392.0
2015-08-01,380.0
2015-08-02,349.0
2015-08-03,343.0
2015-08-04,366.0
2015-08-05,373.0
2015-08-06,386.0
2015-08-07,358.0
2015-08-08,339.0
2015-08-09,329.0
2015-08-10,313.0
2015-08-11,303.0
2015-08-12,293.0
2015-08-13,293.0
2015-08-14,303.0
2015-08-15,308.0
2015-08-16,311.0
2015-08-17,309.0
2015-08-18,292.0
2015-08-19,302.0
2015-08-20,303.0
2015-08-21,298.0
2015-08-22,303.0
2015-08-23,286.0
2015-08-24,252.0
2015-08-25,225.0
2015-08-26,217.0
2015-08-27,185.0
2015-08-28,168.0
2015-08-29,189.0
2015-08-30,191.0
2015-08-31,183.0
2015-09-01,174.0
2015-09-02,162.0
2015-09-03,154.0
2015-09-04,152.0
2015-09-05,146.0
2015-09-06,137.0
2015-09-07,136.0
2015-09-08,133.0
2015-09-09,135.0
2015-09-10,138.0
2015-09-11,141.0
2015-09-12,146.0
2015-09-13,155.0
2015-09-14,158.0
2015-09-15,148.0
2015-09-16,141.0
2015-09-17,133.0
2015-09-18,131.0
2015-09-19,133.0
2015-09-20,135.0
2015-09-21,126.0
2015-09-22,123.0
2015-09-23,117.0
2015-09-24,114.0
2015-09-25,114.0
2015-09-26,113.0
2015-09-27,110.0
2015-09-28,110.0
2015-09-29,103.0
2015-09-30,103.0
2015-10-01,104.0
2015-10-02,103.0
2015-10-03,100.0
2015-10-04,98.3
2015-10-05,93.9
2015-10-06,91.6
2015-10-07,91.1
2015-10-08,89.5
2015-10-09,86.4
2015-10-10,86.1
2015-10-11,86.1
2015-10-12,85.9
2015-10-13,87.7
2015-10-14,88.7
2015-10-15,86.0
2015-10-16,83.5
2015-10-17,84.2
2015-10-18,86.1
2015-10-19,85.4
2015-10-20,85.1
2015-10-21,84.5
2015-10-22,82.7
2015-10-23,82.1
2015-10-24,80.5
2015-10-25,76.0
2015-10-26,73.7
2015-10-27,72.5
2015-10-28,72.5
2015-10-29,72.2
2015-10-30,72.4
2015-10-31,72.3
2015-11-01,73.0
2015-11-02,73.3
2015-11-03,74.0
2015-11-04,73.7
2015-11-05,78.9
2015-11-06,78.3
2015-11-07,78.3
2015-11-08,77.7
2015-11-09,76.4
2015-11-10,75.4
2015-11-11,74.1
2015-11-12,73.2
2015-11-13,78.0
2015-11-14,76.9
2015-11-15,74.4
2015-11-16,73.0
2015-11-17,72.3
2015-11-18,70.0
2015-11-19,72.2
2015-11-20,69.2
2015-11-21,67.7
2015-11-22,67.4
2015-11-23,65.8
2015-11-24,65.3
2015-11-25,63.1
2015-11-26,61.9
2015-11-27,62.9
2015-11-28,64.0
2015-11-29,65.9
2015-11-30,62.1
2015-12-01,60.8
2015-12-02,61.5
2015-12-03,60.0
2015-12-04,60.0
2015-12-05,59.8
2015-12-06,59.7
2015-12-07,59.7
2015-12-08,59.7
2015-12-09,59.7
2015-12-10,59.6
2015-12-11,50.7
2015-12-12,61.9
2015-12-13,61.4
2015-12-14,54.7
2015-12-15,53.2
2015-12-16,53.2
2015-12-17,51.6
2015-12-18,51.1
2015-12-19,51.7
2015-12-20,50.8
2015-12-21,50.4
2015-12-22,47.6
2015-12-23,47.4
2015-12-24,47.9
2015-12-25,47.7
2015-12-26,48.1
2015-12-27,48.1
2015-12-28,42.0
2015-12-29,45.1
2015-12-30,47.6
2015-12-31,47.6
2016-01-01,47.6
2016-01-02,47.6
2016-01-03,47.6
2016-01-04,44.0
2016-01-05,42.6
2016-01-06,44.1
2016-01-07,44.5
2016-01-08,43.6
2016-01-09,44.7
2016-01-10,43.6
2016-01-11,43.4
2016-01-12,45.6
2016-01-13,42.6
2016-01-14,41.2
2016-01-15,40.4
2016-01-16,40.4
2016-01-17,40.4
2016-01-18,40.4
2016-01-19,40.4
2016-01-20,38.9
2016-01-21,37.8
2016-01-22,36.9
2016-01-23,37.6
2016-01-24,37.6
2016-01-25,37.6
2016-01-26,38.2
2016-01-27,38.9
2016-01-28,38.9
2016-01-29,39.1
2016-01-30,39.5
2016-01-31,39.9
2016-02-01,39.9
2016-02-02,40.7
2016-02-03,41.0
2016-02-04,41.0
2016-02-05,39.5
2016-02-06,37.2
2016-02-07,36.9
2016-02-08,37.5
2016-02-09,37.6
2016-02-10,37.5
2016-02-11,37.5
2016-02-12,37.5
2016-02-13,37.5
2016-02-14,37.5
2016-02-15,37.5
2016-02-16,37.5
2016-02-17,37.5
2016-02-18,37.5
2016-02-19,37.4
2016-02-20,37.3
2016-02-21,37.3
2016-02-22,37.0
2016-02-23,33.8
2016-02-24,33.6
2016-02-25,34.7
2016-02-26,34.6
2016-02-27,35.3
2016-02-28,36.1
2016-02-29,37.3
2016-03-01,36.1
2016-03-02,34.9
2016-03-03,33.7
2016-03-04,32.3
2016-03-05,31.8
2016-03-06,31.6
2016-03-07,31.7
2016-03-08,33.2
2016-03-09,33.9
2016-03-10,36.4
2016-03-11,34.3
2016-03-12,34.9
2016-03-13,37.2
2016-03-14,40.4
2016-03-15,40.9
2016-03-16,42.0
2016-03-17,44.8
2016-03-18,46.6
2016-03-19,45.7
2016-03-20,45.8
2016-03-21,47.0
2016-03-22,42.8
2016-03-23,40.9
2016-03-24,39.2
2016-03-25,39.8
2016-03-26,42.5
2016-03-27,45.9
2016-03-28,42.9
2016-03-29,41.9
2016-03-30,41.4
2016-03-31,48.2
2016-04-01,52.3
2016-04-02,53.8
2016-04-03,57.6
2016-04-04,57.9
2016-04-05,54.9
2016-04-06,51.6
2016-04-07,46.7
2016-04-08,47.6
2016-04-09,49.0
2016-04-10,47.4
2016-04-11,47.2
2016-04-12,47.1
2016-04-13,46.7
2016-04-14,46.1
2016-04-15,45.5
2016-04-16,43.9
2016-04-17,46.2
2016-04-18,56.5
2016-04-19,72.4
2016-04-20,70.8
2016-04-21,71.3
2016-04-22,72.4
2016-04-23,75.5
2016-04-24,71.9
2016-04-25,67.8
2016-04-26,65.7
2016-04-27,63.8
2016-04-28,67.3
2016-04-29,65.8
2016-04-30,69.5
2016-05-01,78.0
2016-05-02,82.8
2016-05-03,116.0
2016-05-04,144.0
2016-05-05,136.0
2016-05-06,138.0
2016-05-07,139.0
2016-05-08,140.0
2016-05-09,143.0
2016-05-10,236.0
2016-05-11,280.0
2016-05-12,385.0
2016-05-13,396.0
2016-05-14,437.0
2016-05-15,336.0
2016-05-16,303.0
2016-05-17,279.0
2016-05-18,250.0
2016-05-19,247.0
2016-05-20,253.0
2016-05-21,259.0
2016-05-22,282.0
2016-05-23,318.0
2016-05-24,329.0
2016-05-25,303.0
2016-05-26,293.0
2016-05-27,300.0
2016-05-28,293.0
2016-05-29,290.0
2016-05-30,278.0
2016-05-31,275.0
2016-06-01,278.0
2016-06-02,285.0
2016-06-03,289.0
2016-06-04,322.0
2016-06-05,316.0
2016-06-06,300.0
2016-06-07,327.0
2016-06-08,364.0
2016-06-09,404.0
2016-06-10,460.0
2016-06-11,525.0
2016-06-12,536.0
2016-06-13,550.0
2016-06-14,603.0
2016-06-15,629.0
2016-06-16,686.0
2016-06-17,633.0
2016-06-18,560.0
2016-06-19,499.0
2016-06-20,509.0
2016-06-21,502.0
2016-06-22,492.0
2016-06-23,476.0
2016-06-24,409.0
2016-06-25,386.0
2016-06-26,400.0
2016-06-27,418.0
2016-06-28,415.0
2016-06-29,413.0
2016-06-30,433.0
2016-07-01,488.0
2016-07-02,544.0
2016-07-03,535.0
2016-07-04,526.0
2016-07-05,472.0
2016-07-06,482.0
2016-07-07,437.0
2016-07-08,417.0
2016-07-09,393.0
2016-07-10,394.0
2016-07-11,393.0
2016-07-12,401.0
2016-07-13,423.0
2016-07-14,432.0
2016-07-15,460.0
2016-07-16,429.0
2016-07-17,424.0
2016-07-18,448.0
2016-07-19,416.0
2016-07-20,374.0
2016-07-21,352.0
2016-07-22,347.0
2016-07-23,341.0
2016-07-24,340.0
2016-07-25,351.0
2016-07-26,370.0
2016-07-27,382.0
2016-07-28,402.0
2016-07-29,444.0
2016-07-30,372.0
2016-07-31,342.0
2016-08-01,344.0
2016-08-02,318.0
2016-08-03,305.0
2016-08-04,303.0
2016-08-05,304.0
2016-08-06,306.0
2016-08-07,303.0
2016-08-08,314.0
2016-08-09,314.0
2016-08-10,323.0
2016-08-11,315.0
2016-08-12,313.0
2016-08-13,302.0
2016-08-14,286.0
2016-08-15,276.0
2016-08-16,264.0
2016-08-17,261.0
2016-08-18,237.0
2016-08-19,224.0
2016-08-20,219.0
2016-08-21,214.0
2016-08-22,211.0
2016-08-23,210.0
2016-08-24,211.0
2016-08-25,196.0
2016-08-26,211.0
2016-08-27,209.0
2016-08-28,210.0
2016-08-29,215.0
2016-08-30,194.0
2016-08-31,215.0
2016-09-01,198.0
2016-09-02,201.0
2016-09-03,201.0
2016-09-04,203.0
2016-09-05,201.0
2016-09-06,202.0
2016-09-07,205.0
2016-09-08,203.0
2016-09-09,200.0
2016-09-10,196.0
2016-09-11,194.0
2016-09-12,193.0
2016-09-13,183.0
2016-09-14,168.0
2016-09-15,156.0
2016-09-16,142.0
2016-09-17,142.0
2016-09-18,142.0
2016-09-19,141.0
2016-09-20,141.0
2016-09-21,141.0
2016-09-22,146.0
2016-09-23,156.0
2016-09-24,158.0
2016-09-25,157.0
2016-09-26,155.0
2016-09-27,149.0
2016-09-28,144.0
2016-09-29,144.0
2016-09-30,143.0
2016-10-01,141.0
2016-10-02,136.0
2016-10-03,134.0
2016-10-04,129.0
2016-10-05,121.0
2016-10-06,117.0
2016-10-07,114.0
2016-10-08,113.0
2016-10-09,111.0
2016-10-10,109.0
2016-10-11,107.0
2016-10-12,106.0
2016-10-13,106.0
2016-10-14,106.0
2016-10-15,106.0
2016-10-16,104.0
2016-10-17,101.0
2016-10-18,93.4
2016-10-19,90.4
2016-10-20,92.3
2016-10-21,91.6
2016-10-22,90.9
2016-10-23,88.8
2016-10-24,86.3
2016-10-25,83.3
2016-10-26,83.6
2016-10-27,81.4
2016-10-28,83.1
2016-10-29,83.5
2016-10-30,83.4
2016-10-31,81.6
2016-11-01,79.4
2016-11-02,78.6
2016-11-03,78.5
2016-11-04,78.5
2016-11-05,80.7
2016-11-06,82.3
2016-11-07,76.4
2016-11-08,76.3
2016-11-09,79.4
2016-11-10,73.9
2016-11-11,72.1
2016-11-12,72.2
2016-11-13,71.3
2016-11-14,69.6
2016-11-15,66.5
2016-11-16,66.2
2016-11-17,65.9
2016-11-18,64.7
2016-11-19,64.3
2016-11-20,63.8
2016-11-21,63.8
2016-11-22,62.2
2016-11-23,61.4
2016-11-24,61.3
2016-11-25,61.3
2016-11-26,61.6
2016-11-27,61.6
2016-11-28,61.6
2016-11-29,61.6
2016-11-30,61.6
2016-12-01,61.6
2016-12-02,62.3
2016-12-03,62.5
2016-12-04,63.1
2016-12-05,59.8
2016-12-06,63.6
2016-12-07,65.1
2016-12-08,66.1
2016-12-09,67.2
2016-12-10,67.6
2016-12-11,67.6
2016-12-12,66.8
2016-12-13,66.6
2016-12-14,66.6
2016-12-15,63.9
2016-12-16,62.0
2016-12-17,62.0
2016-12-18,62.0
2016-12-19,62.1
2016-12-20,62.1
2016-12-21,55.4
2016-12-22,56.6
2016-12-23,56.6
2016-12-24,56.4
2016-12-25,56.9
2016-12-26,57.0
2016-12-27,60.1
2016-12-28,60.4
2016-12-29,58.2
2016-12-30,58.2
2016-12-31,58.2
2017-01-01,58.7
2017-01-02,58.2
2017-01-03,58.2
2017-01-04,55.9
2017-01-05,56.6
2017-01-06,57.1
2017-01-07,57.0
2017-01-08,54.5
2017-01-09,47.4
2017-01-10,47.4
2017-01-11,43.4
2017-01-12,40.2
2017-01-13,47.6
2017-01-14,46.3
2017-01-15,46.3
2017-01-16,46.3
2017-01-17,46.3
2017-01-18,46.2
2017-01-19,46.2
2017-01-20,45.6
2017-01-21,44.2
2017-01-22,43.9
2017-01-23,43.8
2017-01-24,44.3
2017-01-25,45.1
2017-01-26,43.9
2017-01-27,43.1
2017-01-28,43.5
2017-01-29,45.4
2017-01-30,46.7
2017-01-31,46.7
2017-02-01,46.9
2017-02-02,44.6
2017-02-03,46.7
2017-02-04,48.0
2017-02-05,48.0
2017-02-06,45.5
2017-02-07,37.4
2017-02-08,39.8
2017-02-09,46.8
2017-02-10,45.8
2017-02-11,45.8
2017-02-12,45.8
2017-02-13,46.5
2017-02-14,45.8
2017-02-15,48.5
2017-02-16,48.7
2017-02-17,53.8
2017-02-18,53.9
2017-02-19,54.3
2017-02-20,44.7
2017-02-21,43.6
2017-02-22,42.8
2017-02-23,40.2
2017-02-24,44.4
2017-02-25,63.3
2017-02-26,65.8
2017-02-27,63.8
2017-02-28,66.3
2017-03-01,63.6
2017-03-02,55.5
2017-03-03,55.7
2017-03-04,57.3
2017-03-05,56.8
2017-03-06,55.2
2017-03-07,55.2
2017-03-08,54.1
2017-03-09,53.9
2017-03-10,53.3
2017-03-11,52.5
2017-03-12,52.1
2017-03-13,51.8
2017-03-14,51.8
2017-03-15,50.4
2017-03-16,49.7
2017-03-17,49.5
2017-03-18,49.4
2017-03-19,49.3
2017-03-20,50.2
2017-03-21,51.2
2017-03-22,65.1
2017-03-23,70.7
2017-03-24,64.8
2017-03-25,60.4
2017-03-26,60.8
2017-03-27,67.0
2017-03-28,65.1
2017-03-29,63.4
2017-03-30,97.1
2017-03-31,78.5
2017-04-01,69.8
2017-04-02,66.8
2017-04-03,79.7
2017-04-04,91.9
2017-04-05,95.1
2017-04-06,81.5
2017-04-07,76.5
2017-04-08,73.0
2017-04-09,70.3
2017-04-10,66.8
2017-04-11,66.0
2017-04-12,64.9
2017-04-13,86.9
2017-04-14,84.9
2017-04-15,79.2
2017-04-16,76.5
2017-04-17,78.9
2017-04-18,90.3
2017-04-19,104.0
2017-04-20,105.0
2017-04-21,116.0
2017-04-22,115.0
2017-04-23,108.0
2017-04-24,102.0
2017-04-25,102.0
2017-04-26,102.0
2017-04-27,109.0
2017-04-28,126.0
2017-04-29,125.0
2017-04-30,116.0
2017-05-01,101.0
2017-05-02,101.0
2017-05-03,96.3
2017-05-04,90.6
2017-05-05,91.0
2017-05-06,96.6
2017-05-07,104.0
2017-05-08,109.0
2017-05-09,119.0
2017-05-10,126.0
2017-05-11,130.0
2017-05-12,135.0
2017-05-13,155.0
2017-05-14,170.0
2017-05-15,194.0
2017-05-16,213.0
2017-05-17,226.0
2017-05-18,237.0
2017-05-19,254.0
2017-05-20,239.0
2017-05-21,234.0
2017-05-22,242.0
2017-05-23,257.0
2017-05-24,279.0
2017-05-25,277.0
2017-05-26,302.0
2017-05-27,309.0
2017-05-28,307.0
2017-05-29,305.0
2017-05-30,310.0
2017-05-31,318.0
2017-06-01,299.0
2017-06-02,289.0
2017-06-03,284.0
2017-06-04,302.0
2017-06-05,323.0
2017-06-06,326.0
2017-06-07,326.0
2017-06-08,318.0
2017-06-09,320.0
2017-06-10,325.0
2017-06-11,312.0
2017-06-12,301.0
2017-06-13,299.0
2017-06-14,280.0
2017-06-15,297.0
2017-06-16,328.0
2017-06-17,350.0
2017-06-18,364.0
2017-06-19,375.0
2017-06-20,392.0
2017-06-21,400.0
2017-06-22,411.0
2017-06-23,421.0
2017-06-24,429.0
2017-06-25,443.0
2017-06-26,443.0
2017-06-27,424.0
2017-06-28,403.0
2017-06-29,379.0
2017-06-30,366.0
2017-07-01,379.0
2017-07-02,387.0
2017-07-03,369.0
2017-07-04,361.0
2017-07-05,372.0
2017-07-06,383.0
2017-07-07,391.0
2017-07-08,419.0
2017-07-09,444.0
2017-07-10,463.0
2017-07-11,465.0
2017-07-12,492.0
2017-07-13,454.0
2017-07-14,450.0
2017-07-15,450.0
2017-07-16,417.0
2017-07-17,395.0
2017-07-18,394.0
2017-07-19,370.0
2017-07-20,359.0
2017-07-21,355.0
2017-07-22,354.0
2017-07-23,361.0
2017-07-24,361.0
2017-07-25,348.0
2017-07-26,341.0
2017-07-27,354.0
2017-07-28,349.0
2017-07-29,357.0
2017-07-30,359.0
2017-07-31,350.0
2017-08-01,361.0
2017-08-02,372.0
2017-08-03,376.0
2017-08-04,350.0
2017-08-05,331.0
2017-08-06,323.0
2017-08-07,335.0
2017-08-08,350.0
2017-08-09,355.0
2017-08-10,349.0
2017-08-11,355.0
2017-08-12,327.0
2017-08-13,295.0
2017-08-14,276.0
2017-08-15,270.0
2017-08-16,260.0
2017-08-17,249.0
2017-08-18,234.0
2017-08-19,211.0
2017-08-20,200.0
2017-08-21,204.0
2017-08-22,196.0
2017-08-23,203.0
2017-08-24,206.0
2017-08-25,196.0
2017-08-26,197.0
2017-08-27,191.0
2017-08-28,186.0
2017-08-29,195.0
2017-08-30,195.0
2017-08-31,205.0
2017-09-01,199.0
2017-09-02,200.0
2017-09-03,208.0
2017-09-04,204.0
2017-09-05,189.0
2017-09-06,183.0
2017-09-07,181.0
2017-09-08,183.0
2017-09-09,186.0
2017-09-10,185.0
2017-09-11,181.0
2017-09-12,181.0
2017-09-13,168.0
2017-09-14,158.0
2017-09-15,153.0
2017-09-16,152.0
2017-09-17,154.0
2017-09-18,153.0
2017-09-19,152.0
2017-09-20,144.0
2017-09-21,135.0
2017-09-22,129.0
2017-09-23,127.0
2017-09-24,122.0
2017-09-25,112.0
2017-09-26,110.0
2017-09-27,103.0
2017-09-28,100.0
2017-09-29,97.0
2017-09-30,99.0
2017-10-01,95.4
2017-10-02,90.3
2017-10-03,86.4
2017-10-04,80.1
2017-10-05,83.8
2017-10-06,83.0
2017-10-07,86.4
2017-10-08,75.6
2017-10-09,73.4
2017-10-10,71.1
2017-10-11,70.0
2017-10-12,66.4
2017-10-13,65.4
2017-10-14,65.0
2017-10-15,63.6
2017-10-16,62.5
2017-10-17,62.0
2017-10-18,61.7
2017-10-19,58.9
2017-10-20,58.9
2017-10-21,59.0
2017-10-22,59.0
2017-10-23,58.2
2017-10-24,58.1
2017-10-25,57.1
2017-10-26,56.4
2017-10-27,56.4
2017-10-28,57.0
2017-10-29,58.4
2017-10-30,58.4
2017-10-31,58.0
2017-11-01,58.7
2017-11-02,59.9
2017-11-03,60.0
2017-11-04,60.8
2017-11-05,61.9
2017-11-06,61.7
2017-11-07,60.2
2017-11-08,59.0
2017-11-09,57.5
2017-11-10,55.5
2017-11-11,55.1
2017-11-12,53.0
2017-11-13,50.6
2017-11-14,48.1
2017-11-15,48.0
2017-11-16,48.1
2017-11-17,48.2
2017-11-18,48.5
2017-11-19,47.9
2017-11-20,48.1
2017-11-21,47.7
2017-11-22,48.6
2017-11-23,49.6
2017-11-24,47.7
2017-11-25,47.4
2017-11-26,47.0
2017-11-27,46.6
2017-11-28,46.9
2017-11-29,47.0
2017-11-30,47.3
2017-12-01,47.3
2017-12-02,45.9
2017-12-03,46.0
2017-12-04,46.5
2017-12-05,46.7
2017-12-06,46.6
2017-12-07,48.8
2017-12-08,46.7
2017-12-09,46.4
2017-12-10,46.4
2017-12-11,46.6
2017-12-12,40.3
2017-12-13,34.3
2017-12-14,39.8
2017-12-15,43.3
2017-12-16,40.4
2017-12-17,46.4
2017-12-18,46.4
2017-12-19,46.4
2017-12-20,46.4
2017-12-21,46.4
2017-12-22,46.4
2017-12-23,46.4
2017-12-24,46.7
2017-12-25,46.6
2017-12-26,47.0
2017-12-27,47.7
2017-12-28,47.7
2017-12-29,46.7
2017-12-30,46.7
2017-12-31,46.7
2018-01-01,46.7
2018-01-02,46.7
2018-01-03,46.7
2018-01-04,46.7
2018-01-05,46.7
2018-01-06,46.7
2018-01-07,46.7
2018-01-08,46.9
2018-01-09,46.3
2018-01-10,46.3
2018-01-11,45.5
2018-01-12,43.1
2018-01-13,42.3
2018-01-14,42.3
2018-01-15,42.3
2018-01-16,42.3
2018-01-17,42.3
2018-01-18,42.3
2018-01-19,41.8
2018-01-20,41.7
2018-01-21,41.7
2018-01-22,40.3
2018-01-23,39.8
2018-01-24,39.8
2018-01-25,39.8
2018-01-26,39.8
2018-01-27,39.8
2018-01-28,36.4
2018-01-29,34.8
2018-01-30,34.5
2018-01-31,34.5
2018-02-01,29.2
2018-02-02,33.7
2018-02-03,40.5
2018-02-04,37.3
2018-02-05,35.8
2018-02-06,35.8
2018-02-07,35.6
2018-02-08,35.9
2018-02-09,34.9
2018-02-10,34.1
2018-02-11,34.9
2018-02-12,35.5
2018-02-13,35.8
2018-02-14,36.1
2018-02-15,36.1
2018-02-16,41.6
2018-02-17,43.1
2018-02-18,42.8
2018-02-19,39.1
2018-02-20,37.7
2018-02-21,37.5
2018-02-22,40.1
2018-02-23,40.8
2018-02-24,41.4
2018-02-25,40.7
2018-02-26,39.2
2018-02-27,43.9
2018-02-28,53.8
2018-03-01,50.0
2018-03-02,43.7
2018-03-03,38.9
2018-03-04,35.9
2018-03-05,40.0
2018-03-06,39.6
2018-03-07,40.3
2018-03-08,41.2
2018-03-09,40.0
2018-03-10,39.5
2018-03-11,39.3
2018-03-12,42.0
2018-03-13,45.5
2018-03-14,47.1
2018-03-15,43.8
2018-03-16,41.4
2018-03-17,39.0
2018-03-18,35.6
2018-03-19,34.6
2018-03-20,33.8
2018-03-21,33.6
2018-03-22,33.6
2018-03-23,34.1
2018-03-24,33.8
2018-03-25,32.9
2018-03-26,35.1
2018-03-27,33.0
2018-03-28,36.9
2018-03-29,36.7
2018-03-30,35.3
2018-03-31,34.7
2018-04-01,34.9
2018-04-02,35.3
2018-04-03,36.5
2018-04-04,42.8
2018-04-05,45.5
2018-04-06,45.8
2018-04-07,45.1
2018-04-08,44.9
2018-04-09,47.8
2018-04-10,47.9
2018-04-11,45.1
2018-04-12,39.9
2018-04-13,36.0
2018-04-14,35.2
2018-04-15,34.2
2018-04-16,37.0
2018-04-17,38.7
2018-04-18,41.0
2018-04-19,40.5
2018-04-20,47.2
2018-04-21,45.5
2018-04-22,44.1
2018-04-23,45.0
2018-04-24,46.7
2018-04-25,47.6
2018-04-26,51.6
2018-04-27,51.7
2018-04-28,53.5
2018-04-29,55.1
2018-04-30,34.7
2018-05-01,60.5
2018-05-02,60.4
2018-05-03,58.4
2018-05-04,56.2
2018-05-05,54.7
2018-05-06,54.8
2018-05-07,56.5
2018-05-08,64.9
2018-05-09,66.9
2018-05-10,68.7
2018-05-11,76.7
2018-05-12,80.8
2018-05-13,104.0
2018-05-14,111.0
2018-05-15,116.0
2018-05-16,116.0
2018-05-17,112.0
2018-05-18,120.0
2018-05-19,117.0
2018-05-20,113.0
2018-05-21,106.0
2018-05-22,104.0
2018-05-23,103.0
2018-05-24,97.7
2018-05-25,90.6
2018-05-26,88.9
2018-05-27,97.7
2018-05-28,113.0
2018-05-29,133.0
2018-05-30,132.0
2018-05-31,134.0
2018-06-01,131.0
2018-06-02,132.0
2018-06-03,141.0
2018-06-04,175.0
2018-06-05,181.0
2018-06-06,202.0
2018-06-07,217.0
2018-06-08,261.0
2018-06-09,273.0
2018-06-10,267.0
2018-06-11,274.0
2018-06-12,225.0
2018-06-13,208.0
2018-06-14,215.0
2018-06-15,220.0
2018-06-16,229.0
2018-06-17,215.0
2018-06-18,218.0
2018-06-19,219.0
2018-06-20,226.0
2018-06-21,244.0
2018-06-22,232.0
2018-06-23,224.0
2018-06-24,223.0
2018-06-25,213.0
2018-06-26,212.0
2018-06-27,216.0
2018-06-28,217.0
2018-06-29,228.0
2018-06-30,225.0
2018-07-01,275.0
2018-07-02,293.0
2018-07-03,307.0
2018-07-04,313.0
2018-07-05,326.0
2018-07-06,323.0
2018-07-07,326.0
2018-07-08,365.0
2018-07-09,363.0
2018-07-10,368.0
2018-07-11,385.0
2018-07-12,386.0
2018-07-13,384.0
2018-07-14,380.0
2018-07-15,376.0
2018-07-16,388.0
2018-07-17,403.0
2018-07-18,393.0
2018-07-19,389.0
2018-07-20,389.0
2018-07-21,395.0
2018-07-22,390.0
2018-07-23,393.0
2018-07-24,393.0
2018-07-25,378.0
2018-07-26,376.0
2018-07-27,367.0
2018-07-28,345.0
2018-07-29,333.0
2018-07-30,292.0
2018-07-31,252.0
2018-08-01,244.0
2018-08-02,242.0
2018-08-03,220.0
2018-08-04,218.0
2018-08-05,217.0
2018-08-06,232.0
2018-08-07,246.0
2018-08-08,261.0
2018-08-09,263.0
2018-08-10,275.0
2018-08-11,278.0
2018-08-12,285.0
2018-08-13,269.0
2018-08-14,244.0
2018-08-15,250.0
2018-08-16,269.0
2018-08-17,262.0
2018-08-18,269.0
2018-08-19,259.0
2018-08-20,255.0
2018-08-21,248.0
2018-08-22,242.0
2018-08-23,230.0
2018-08-24,225.0
2018-08-25,222.0
2018-08-26,218.0
2018-08-27,214.0
2018-08-28,191.0
2018-08-29,178.0
2018-08-30,178.0
2018-08-31,179.0
2018-09-01,175.0
2018-09-02,179.0
2018-09-03,176.0
2018-09-04,175.0
2018-09-05,171.0
2018-09-06,164.0
2018-09-07,164.0
2018-09-08,162.0
2018-09-09,153.0
2018-09-10,151.0
2018-09-11,155.0
2018-09-12,155.0
2018-09-13,150.0
2018-09-14,148.0
2018-09-15,143.0
2018-09-16,123.0
2018-09-17,110.0
2018-09-18,106.0
2018-09-19,100.0
2018-09-20,95.2
2018-09-21,92.4
2018-09-22,89.5
2018-09-23,82.7
2018-09-24,77.9
2018-09-25,74.0
2018-09-26,70.1
2018-09-27,71.1
2018-09-28,72.4
2018-09-29,70.7
2018-09-30,69.1
2018-10-01,66.6
2018-10-02,65.8
2018-10-03,66.6
2018-10-04,65.7
2018-10-05,65.7
2018-10-06,65.8
2018-10-07,65.7
2018-10-08,63.7
2018-10-09,63.2
2018-10-10,61.6
2018-10-11,60.8
2018-10-12,60.2
2018-10-13,59.2
2018-10-14,58.8
2018-10-15,58.7
2018-10-16,58.5
2018-10-17,58.5
2018-10-18,58.5
2018-10-19,58.5
2018-10-20,58.5
2018-10-21,58.1
2018-10-22,56.1
2018-10-23,59.9
2018-10-24,59.8
2018-10-25,55.8
2018-10-26,52.2
2018-10-27,52.0
2018-10-28,52.0
2018-10-29,52.0
2018-10-30,51.5
2018-10-31,55.2
2018-11-01,65.6
2018-11-02,61.6
2018-11-03,65.2
2018-11-04,53.1
2018-11-05,53.4
2018-11-06,53.2
2018-11-07,52.6
2018-11-08,51.5
2018-11-09,49.9
2018-11-10,49.2
2018-11-11,49.2
2018-11-12,49.0
2018-11-13,48.4
2018-11-14,47.5
2018-11-15,46.9
2018-11-16,47.2
2018-11-17,44.0
2018-11-18,42.5
2018-11-19,42.0
2018-11-20,42.5
2018-11-21,43.1
2018-11-22,43.6
2018-11-23,43.6
2018-11-24,43.6
2018-11-25,43.6
2018-11-26,43.0
2018-11-27,43.4
2018-11-28,42.9
2018-11-29,42.9
2018-11-30,42.9
2018-12-01,42.9
2018-12-02,43.7
2018-12-03,44.5
2018-12-04,44.5
2018-12-05,44.5
2018-12-06,45.6
2018-12-07,45.4
2018-12-08,43.6
2018-12-09,43.4
2018-12-10,44.3
2018-12-11,43.5
2018-12-12,43.5
2018-12-13,43.5
2018-12-14,43.5
2018-12-15,43.5
2018-12-16,43.5
2018-12-17,43.6
2018-12-18,43.6
2018-12-19,43.6
2018-12-20,42.8
2018-12-21,42.0
2018-12-22,42.9
2018-12-23,43.8
2018-12-24,44.2
2018-12-25,44.2
2018-12-26,43.8
2018-12-27,43.8
2018-12-28,43.8
2018-12-29,43.2
2018-12-30,42.9
2018-12-31,42.2
2019-01-01,42.2
2019-01-02,42.2
2019-01-03,42.6
2019-01-04,42.8
2019-01-05,42.8
2019-01-06,43.6
2019-01-07,35.2
2019-01-08,45.1
2019-01-09,41.9
2019-01-10,42.3
2019-01-11,41.9
2019-01-12,42.3
2019-01-13,42.3
2019-01-14,42.3
2019-01-15,42.4
2019-01-16,42.8
2019-01-17,42.7
2019-01-18,42.4
2019-01-19,42.4
2019-01-20,42.4
2019-01-21,42.4
2019-01-22,41.9
2019-01-23,41.9
2019-01-24,40.8
2019-01-25,41.4
2019-01-26,42.2
2019-01-27,42.1
2019-01-28,42.0
2019-01-29,43.0
2019-01-30,45.1
2019-01-31,43.4
2019-02-01,43.1
2019-02-02,43.1
2019-02-03,43.3
2019-02-04,43.6
2019-02-05,43.9
2019-02-06,44.0
2019-02-07,43.8
2019-02-08,43.0
2019-02-09,41.9
2019-02-10,42.0
2019-02-11,43.0
2019-02-12,43.3
2019-02-13,43.2
2019-02-14,43.0
2019-02-15,43.5
2019-02-16,44.0
2019-02-17,44.0
2019-02-18,44.5
2019-02-19,44.7
2019-02-20,43.7
2019-02-21,43.5
2019-02-22,44.0
2019-02-23,44.1
2019-02-24,44.3
2019-02-25,44.7
2019-02-26,44.3
2019-02-27,43.7
2019-02-28,41.9
2019-03-01,42.1
2019-03-02,42.4
2019-03-03,41.9
2019-03-04,42.1
2019-03-05,42.4
2019-03-06,42.6
2019-03-07,42.6
2019-03-08,42.9
2019-03-09,42.6
2019-03-10,43.3
2019-03-11,42.7
2019-03-12,41.7
2019-03-13,40.8
2019-03-14,40.9
2019-03-15,41.2
2019-03-16,41.2
2019-03-17,42.4
2019-03-18,45.7
2019-03-19,45.8
2019-03-20,45.2
2019-03-21,44.7
2019-03-22,43.3
2019-03-23,43.3
2019-03-24,44.4
2019-03-25,45.2
2019-03-26,43.3
2019-03-27,42.8
2019-03-28,44.1
2019-03-29,51.3
2019-03-30,56.4
2019-03-31,54.7
2019-04-01,51.6
2019-04-02,49.5
2019-04-03,50.1
2019-04-04,54.3
2019-04-05,74.3
2019-04-06,79.1
2019-04-07,73.4
2019-04-08,67.2
2019-04-09,65.1
2019-04-10,66.1
2019-04-11,70.2
2019-04-12,73.4
2019-04-13,69.0
2019-04-14,65.8
2019-04-15,66.3
2019-04-16,88.8
2019-04-17,90.5
2019-04-18,82.4
2019-04-19,84.2
2019-04-20,88.5
2019-04-21,116.0
2019-04-22,119.0
2019-04-23,105.0
2019-04-24,143.0
2019-04-25,140.0
2019-04-26,153.0
2019-04-27,156.0
2019-04-28,155.0
2019-04-29,150.0
2019-04-30,144.0
2019-05-01,140.0
2019-05-02,128.0
2019-05-03,105.0
2019-05-04,106.0
2019-05-05,104.0
2019-05-06,103.0
2019-05-07,103.0
2019-05-08,106.0
2019-05-09,113.0
2019-05-10,122.0
2019-05-11,130.0
2019-05-12,131.0
2019-05-13,132.0
2019-05-14,134.0
2019-05-15,134.0
2019-05-16,136.0
2019-05-17,140.0
2019-05-18,152.0
2019-05-19,156.0
2019-05-20,142.0
2019-05-21,130.0
2019-05-22,126.0
2019-05-23,133.0
2019-05-24,141.0
2019-05-25,155.0
2019-05-26,156.0
2019-05-27,143.0
2019-05-28,139.0
2019-05-29,140.0
2019-05-30,142.0
2019-05-31,205.0
2019-06-01,230.0
2019-06-02,262.0
2019-06-03,259.0
2019-06-04,272.0
2019-06-05,259.0
2019-06-06,274.0
2019-06-07,275.0
2019-06-08,268.0
2019-06-09,267.0
2019-06-10,268.0
2019-06-11,298.0
2019-06-12,291.0
2019-06-13,254.0
2019-06-14,253.0
2019-06-15,261.0
2019-06-16,267.0
2019-06-17,267.0
2019-06-18,275.0
2019-06-19,291.0
2019-06-20,299.0
2019-06-21,308.0
2019-06-22,322.0
2019-06-23,341.0
2019-06-24,352.0
2019-06-25,343.0
2019-06-26,324.0
2019-06-27,334.0
2019-06-28,352.0
2019-06-29,355.0
2019-06-30,360.0
2019-07-01,356.0
2019-07-02,368.0
2019-07-03,391.0
2019-07-04,426.0
2019-07-05,467.0
2019-07-06,520.0
2019-07-07,496.0
2019-07-08,547.0
2019-07-09,598.0
2019-07-10,601.0
2019-07-11,587.0
2019-07-12,607.0
2019-07-13,610.0
2019-07-14,640.0
2019-07-15,650.0
2019-07-16,664.0
2019-07-17,680.0
2019-07-18,659.0
2019-07-19,645.0
2019-07-20,631.0
2019-07-21,617.0
2019-07-22,613.0
2019-07-23,592.0
2019-07-24,598.0
2019-07-25,598.0
2019-07-26,604.0
2019-07-27,600.0
2019-07-28,585.0
2019-07-29,522.0
2019-07-30,489.0
2019-07-31,478.0
2019-08-01,464.0
2019-08-02,463.0
2019-08-03,463.0
2019-08-04,421.0
2019-08-05,396.0
2019-08-06,392.0
2019-08-07,390.0
2019-08-08,403.0
2019-08-09,402.0
2019-08-10,395.0
2019-08-11,396.0
2019-08-12,395.0
2019-08-13,394.0
2019-08-14,382.0
2019-08-15,370.0
2019-08-16,341.0
2019-08-17,297.0
2019-08-18,288.0
2019-08-19,242.0
2019-08-20,204.0
2019-08-21,229.0
2019-08-22,236.0
2019-08-23,229.0
2019-08-24,230.0
2019-08-25,226.0
2019-08-26,223.0
2019-08-27,220.0
2019-08-28,212.0
2019-08-29,223.0
2019-08-30,221.0
2019-08-31,222.0
2019-09-01,219.0
2019-09-02,216.0
2019-09-03,210.0
2019-09-04,205.0
2019-09-05,200.0
2019-09-06,186.0
2019-09-07,166.0
2019-09-08,153.0
2019-09-09,149.0
2019-09-10,146.0
2019-09-11,142.0
2019-09-12,138.0
2019-09-13,127.0
2019-09-14,106.0
2019-09-15,105.0
2019-09-16,96.0
2019-09-17,107.0
2019-09-18,106.0
2019-09-19,107.0
2019-09-20,110.0
2019-09-21,101.0
2019-09-22,109.0
2019-09-23,112.0
2019-09-24,111.0
2019-09-25,115.0
2019-09-26,113.0
2019-09-27,111.0
2019-09-28,110.0
2019-09-29,109.0
2019-09-30,108.0
2019-10-01,108.0
2019-10-02,110.0
2019-10-03,109.0
2019-10-04,106.0
2019-10-05,102.0
2019-10-06,98.2
2019-10-07,93.5
2019-10-08,85.0
2019-10-09,79.3
2019-10-10,80.4
2019-10-11,86.4
2019-10-12,84.8
2019-10-13,82.7
2019-10-14,82.2
2019-10-15,82.0
2019-10-16,81.4
2019-10-17,76.7
2019-10-18,72.5
2019-10-19,71.7
2019-10-20,71.5
2019-10-21,71.3
2019-10-22,71.6
2019-10-23,72.7
2019-10-24,72.0
2019-10-25,70.7
2019-10-26,71.2
2019-10-27,71.9
2019-10-28,72.4
2019-10-29,70.8
2019-10-30,69.8
2019-10-31,69.4
2019-11-01,69.4
2019-11-02,69.4
2019-11-03,70.3
2019-11-04,72.1
2019-11-05,70.5
2019-11-06,70.0
2019-11-07,69.1
2019-11-08,68.9
2019-11-09,67.6
2019-11-10,67.6
2019-11-11,67.6
2019-11-12,66.5
2019-11-13,66.1
2019-11-14,65.5
2019-11-15,65.1
2019-11-16,64.1
2019-11-17,63.3
2019-11-18,62.9
2019-11-19,62.9
2019-11-20,62.9
2019-11-21,62.5
2019-11-22,63.0
2019-11-23,62.6
2019-11-24,60.0
2019-11-25,58.2
2019-11-26,58.5
2019-11-27,58.7
2019-11-28,57.1
2019-11-29,50.2
2019-11-30,40.8
2019-12-01,43.3
2019-12-02,49.0
2019-12-03,53.1
2019-12-04,52.0
2019-12-05,51.6
2019-12-06,51.7
2019-12-07,51.1
2019-12-08,50.4
2019-12-09,50.7
2019-12-10,50.7
2019-12-11,51.2
2019-12-12,51.6
2019-12-13,51.6
2019-12-14,42.7
2019-12-15,33.7
2019-12-16,42.1
2019-12-17,50.5
2019-12-18,50.5
2019-12-19,50.2
2019-12-20,59.5
2019-12-21,48.4
2019-12-22,48.4
2019-12-23,48.4
2019-12-24,48.4
2019-12-25,48.4
2019-12-26,48.4
2019-12-27,48.4
2019-12-28,48.4
2019-12-29,48.4
2019-12-30,48.4
2019-12-31,48.4
2020-01-01,48.4
2020-01-02,48.4
2020-01-03,48.4
2020-01-04,48.4
2020-01-05,48.1
2020-01-06,47.0
2020-01-07,48.5
2020-01-08,49.9
2020-01-09,49.9
2020-01-10,49.7
2020-01-11,48.2
2020-01-12,47.9
2020-01-13,44.7
2020-01-14,44.7
2020-01-15,44.8
2020-01-16,44.8
2020-01-17,44.8
2020-01-18,44.8
2020-01-19,44.8
2020-01-20,44.8
2020-01-21,44.8
2020-01-22,44.8
2020-01-23,44.8
2020-01-24,44.8
2020-01-25,44.8
2020-01-26,44.8
2020-01-27,44.6
2020-01-28,44.6
2020-01-29,44.8
2020-01-30,45.0
2020-01-31,44.6
2020-02-01,44.7
2020-02-02,44.8
2020-02-03,44.8
2020-02-04,44.8
2020-02-05,44.8
2020-02-06,45.0
2020-02-07,45.2
2020-02-08,45.1
2020-02-09,44.9
2020-02-10,44.5
2020-02-11,44.8
2020-02-12,44.8
2020-02-13,44.6
2020-02-14,44.6
2020-02-15,44.6
2020-02-16,44.6
2020-02-17,44.4
2020-02-18,43.4
2020-02-19,43.0
2020-02-20,52.4
2020-02-21,47.9
2020-02-22,43.9
2020-02-23,43.3
2020-02-24,42.8
2020-02-25,43.5
2020-02-26,49.0
2020-02-27,50.1
2020-02-28,46.3
2020-02-29,46.3
2020-03-01,45.3
2020-03-02,43.8
2020-03-03,43.8
2020-03-04,43.8
2020-03-05,44.5
2020-03-06,45.2
2020-03-07,44.9
2020-03-08,44.6
2020-03-09,44.8
2020-03-10,41.8
2020-03-11,42.1
2020-03-12,40.0
2020-03-13,42.3
2020-03-14,39.8
2020-03-15,36.8
2020-03-16,36.8
2020-03-17,36.6
2020-03-18,36.9
2020-03-19,37.2
2020-03-20,36.0
2020-03-21,37.1
2020-03-22,37.1
2020-03-23,37.4
2020-03-24,37.3
2020-03-25,39.2
2020-03-26,42.6
2020-03-27,41.5
2020-03-28,40.3
2020-03-29,40.5
2020-03-30,40.0
2020-03-31,37.7
2020-04-01,39.8
2020-04-02,36.6
2020-04-03,37.9
2020-04-04,38.9
2020-04-05,39.0
2020-04-06,39.5
2020-04-07,39.7
2020-04-08,40.0
2020-04-09,40.7
2020-04-10,42.1
2020-04-11,42.1
2020-04-12,45.9
2020-04-13,53.3
2020-04-14,64.2
2020-04-15,60.9
2020-04-16,59.2
2020-04-17,61.7
2020-04-18,62.7
2020-04-19,62.3
2020-04-20,57.3
2020-04-21,50.7
2020-04-22,50.4
2020-04-23,47.9
2020-04-24,48.3
2020-04-25,46.6
2020-04-26,44.7
2020-04-27,46.1
2020-04-28,43.8
2020-04-29,63.7
2020-04-30,69.5
2020-05-01,74.8
2020-05-02,76.4
2020-05-03,91.6
2020-05-04,78.5
2020-05-05,78.9
2020-05-06,80.5
2020-05-07,76.5
2020-05-08,71.7
2020-05-09,84.3
2020-05-10,93.1
2020-05-11,89.9
2020-05-12,86.6
2020-05-13,101.0
2020-05-14,135.0
2020-05-15,173.0
2020-05-16,187.0
2020-05-17,170.0
2020-05-18,158.0
2020-05-19,148.0
2020-05-20,123.0
2020-05-21,113.0
2020-05-22,107.0
2020-05-23,114.0
2020-05-24,128.0
2020-05-25,151.0
2020-05-26,177.0
2020-05-27,237.0
2020-05-28,282.0
2020-05-29,317.0
2020-05-30,318.0
2020-05-31,319.0
2020-06-01,319.0
2020-06-02,279.0
2020-06-03,270.0
2020-06-04,268.0
2020-06-05,282.0
2020-06-06,288.0
2020-06-07,298.0
2020-06-08,307.0
2020-06-09,315.0
2020-06-10,310.0
2020-06-11,267.0
2020-06-12,251.0
2020-06-13,235.0
2020-06-14,222.0
2020-06-15,209.0
2020-06-16,209.0
2020-06-17,226.0
2020-06-18,240.0
2020-06-19,242.0
2020-06-20,245.0
2020-06-21,254.0
2020-06-22,257.0
2020-06-23,271.0
2020-06-24,295.0
2020-06-25,294.0
2020-06-26,299.0
2020-06-27,291.0
2020-06-28,291.0
2020-06-29,266.0
2020-06-30,241.0
2020-07-01,248.0
2020-07-02,249.0
2020-07-03,259.0
2020-07-04,283.0
2020-07-05,276.0
2020-07-06,269.0
2020-07-07,273.0
2020-07-08,278.0
2020-07-09,295.0
2020-07-10,292.0
2020-07-11,288.0
2020-07-12,274.0
2020-07-13,257.0
2020-07-14,258.0
2020-07-15,256.0
2020-07-16,256.0
2020-07-17,260.0
2020-07-18,259.0
2020-07-19,262.0
2020-07-20,263.0
2020-07-21,270.0
2020-07-22,279.0
2020-07-23,266.0
2020-07-24,281.0
2020-07-25,284.0
2020-07-26,288.0
2020-07-27,294.0
2020-07-28,294.0
2020-07-29,297.0
2020-07-30,273.0
2020-07-31,268.0
2020-08-01,278.0
2020-08-02,266.0
2020-08-03,259.0
2020-08-04,267.0
2020-08-05,279.0
2020-08-06,286.0
2020-08-07,282.0
2020-08-08,296.0
2020-08-09,299.0
2020-08-10,294.0
2020-08-11,284.0
2020-08-12,273.0
2020-08-13,267.0
2020-08-14,261.0
2020-08-15,251.0
2020-08-16,244.0
2020-08-17,248.0
2020-08-18,254.0
2020-08-19,259.0
2020-08-20,250.0
2020-08-21,239.0
2020-08-22,224.0
2020-08-23,225.0
2020-08-24,229.0
2020-08-25,228.0
2020-08-26,289.0
2020-08-27,224.0
2020-08-28,233.0
2020-08-29,235.0
2020-08-30,235.0
2020-08-31,218.0
2020-09-01,202.0
2020-09-02,161.0
2020-09-03,148.0
2020-09-04,148.0
2020-09-05,147.0
2020-09-06,140.0
2020-09-07,139.0
2020-09-08,135.0
2020-09-09,133.0
2020-09-10,132.0
2020-09-11,132.0
2020-09-12,131.0
2020-09-13,130.0
2020-09-14,128.0
2020-09-15,131.0
2020-09-16,129.0
2020-09-17,127.0
2020-09-18,118.0
2020-09-19,116.0
2020-09-20,109.0
2020-09-21,103.0
2020-09-22,99.4
2020-09-23,94.7
2020-09-24,90.9
2020-09-25,85.2
2020-09-26,82.8
2020-09-27,82.8
2020-09-28,82.3
2020-09-29,81.6
2020-09-30,80.6
2020-10-01,80.4
2020-10-02,89.6
2020-10-03,77.7
2020-10-04,76.8
2020-10-05,73.2
2020-10-06,71.8
2020-10-07,70.6
2020-10-08,70.6
2020-10-09,65.9
2020-10-10,65.9
2020-10-11,67.0
2020-10-12,65.3
2020-10-13,63.8
2020-10-14,63.1
2020-10-15,63.1
2020-10-16,65.1
2020-10-17,65.8
2020-10-18,65.4
2020-10-19,65.1
2020-10-20,64.7
2020-10-21,64.5
2020-10-22,62.9
2020-10-23,63.4
2020-10-24,62.8
2020-10-25,62.6
2020-10-26,63.0
2020-10-27,62.4
2020-10-28,66.1
2020-10-29,62.7
2020-10-30,62.7
2020-10-31,60.5
2020-11-01,60.0
2020-11-02,60.2
2020-11-03,59.3
2020-11-04,59.3
2020-11-05,59.4
2020-11-06,59.6
2020-11-07,58.7
2020-11-08,58.3
2020-11-09,57.0
2020-11-10,56.3
2020-11-11,56.3
2020-11-12,55.7
2020-11-13,55.7
2020-11-14,55.7
2020-11-15,55.7
2020-11-16,56.3
2020-11-17,55.9
2020-11-18,57.1
2020-11-19,55.0
2020-11-20,52.9
2020-11-21,52.9
2020-11-22,52.9
2020-11-23,56.3
2020-11-24,55.5
2020-11-25,57.4
2020-11-26,51.0
2020-11-27,50.8
2020-11-28,55.2
2020-11-29,54.0
2020-11-30,47.3
2020-12-01,47.3
2020-12-02,45.5
2020-12-03,45.5
2020-12-04,45.8
2020-12-05,46.1
2020-12-06,46.3
2020-12-07,47.6
2020-12-08,48.7
2020-12-09,48.7
2020-12-10,48.7
2020-12-11,48.7
2020-12-12,48.7
2020-12-13,48.7
2020-12-14,48.7
2020-12-15,48.7
2020-12-16,48.1
2020-12-17,47.4
2020-12-18,47.4
2020-12-19,47.4
2020-12-20,47.4
2020-12-21,47.4
2020-12-22,46.7
2020-12-23,46.0
2020-12-24,46.0
2020-12-25,46.0
2020-12-26,46.0
2020-12-27,46.0
2020-12-28,46.0
2020-12-29,46.7
2020-12-30,47.4
2020-12-31,47.4
2021-01-01,47.4
2021-01-02,47.4
2021-01-03,47.4
2021-01-04,47.4
2021-01-05,47.4
2021-01-06,47.9
2021-01-07,48.4
2021-01-08,48.4
2021-01-09,48.4
2021-01-10,48.4
2021-01-11,48.4
2021-01-12,48.6
2021-01-13,48.7
2021-01-14,48.7
2021-01-15,48.7
2021-01-16,48.7
2021-01-17,48.2
2021-01-18,47.6
2021-01-19,47.6
2021-01-20,44.0
2021-01-21,44.0
2021-01-22,44.0
2021-01-23,44.0
2021-01-24,44.0
2021-01-25,44.0
2021-01-26,45.2
2021-01-27,46.4
2021-01-28,46.4
2021-01-29,50.7
2021-01-30,55.3
2021-01-31,51.9
2021-02-01,45.2
2021-02-02,44.7
2021-02-03,44.7
2021-02-04,44.9
2021-02-05,44.9
2021-02-06,49.9
2021-02-07,44.9
2021-02-08,44.1
2021-02-09,42.8
2021-02-10,42.8
2021-02-11,42.8
2021-02-12,43.1
2021-02-13,42.9
2021-02-14,42.0
2021-02-15,39.8
2021-02-16,38.0
2021-02-17,37.7
2021-02-18,38.1
2021-02-19,39.4
2021-02-20,38.3
2021-02-21,38.3
2021-02-22,38.3
2021-02-23,38.3
2021-02-24,39.1
2021-02-25,40.5
2021-02-26,40.5
2021-02-27,40.5
2021-02-28,40.5
2021-03-01,40.5
2021-03-02,40.5
2021-03-03,40.5
2021-03-04,40.5
2021-03-05,40.5
2021-03-06,40.5
2021-03-07,40.5
2021-03-08,40.5
2021-03-09,40.5
2021-03-10,41.1
2021-03-11,42.9
2021-03-12,43.5
2021-03-13,43.5
2021-03-14,43.5
2021-03-15,39.1
2021-03-16,38.4
2021-03-17,32.0
2021-03-18,29.5
2021-03-19,37.2
2021-03-20,39.2
2021-03-21,43.8
2021-03-22,41.8
2021-03-23,41.8
2021-03-24,39.9
2021-03-25,39.8
2021-03-26,39.5
2021-03-27,40.9
2021-03-28,45.6
2021-03-29,73.6
2021-03-30,49.4
2021-03-31,38.2
2021-04-01,33.1
2021-04-02,30.3
2021-04-03,36.6
2021-04-04,37.1
2021-04-05,43.9
2021-04-06,42.6
2021-04-07,42.8
2021-04-08,44.5
2021-04-09,45.6
2021-04-10,34.7
2021-04-11,34.4
2021-04-12,39.2
2021-04-13,39.2
2021-04-14,40.2
2021-04-15,40.2
2021-04-16,40.0
2021-04-17,39.8
2021-04-18,38.8
2021-04-19,38.7
2021-04-20,38.9
2021-04-21,37.6
2021-04-22,38.9
2021-04-23,36.3
2021-04-24,34.9
2021-04-25,35.3
2021-04-26,35.4
2021-04-27,37.4
2021-04-28,42.1
2021-04-29,44.7
2021-04-30,51.1
2021-05-01,56.2
2021-05-02,61.1
2021-05-03,57.9
2021-05-04,71.2
2021-05-05,82.6
2021-05-06,106.0
2021-05-07,105.0
2021-05-08,90.8
2021-05-09,104.0
2021-05-10,119.0
2021-05-11,129.0
2021-05-12,126.0
2021-05-13,125.0
2021-05-14,122.0
2021-05-15,119.0
2021-05-16,114.0
2021-05-17,115.0
2021-05-18,117.0
2021-05-19,116.0
2021-05-20,113.0
2021-05-21,114.0
2021-05-22,109.0
2021-05-23,107.0
2021-05-24,103.0
2021-05-25,98.0
2021-05-26,96.6
2021-05-27,104.0
2021-05-28,109.0
2021-05-29,120.0
2021-05-30,144.0
2021-05-31,155.0
2021-06-01,149.0
2021-06-02,179.0
2021-06-03,185.0
2021-06-04,190.0
2021-06-05,213.0
2021-06-06,236.0
2021-06-07,249.0
2021-06-08,264.0
2021-06-09,264.0
2021-06-10,264.0
2021-06-11,254.0
2021-06-12,217.0
2021-06-13,193.0
2021-06-14,178.0
2021-06-15,160.0
2021-06-16,144.0
2021-06-17,143.0
2021-06-18,139.0
2021-06-19,137.0
2021-06-20,136.0
2021-06-21,137.0
2021-06-22,130.0
2021-06-23,133.0
2021-06-24,140.0
2021-06-25,152.0
2021-06-26,161.0
2021-06-27,164.0
2021-06-28,179.0
2021-06-29,196.0
2021-06-30,192.0
2021-07-01,179.0
2021-07-02,177.0
2021-07-03,185.0
2021-07-04,193.0
2021-07-05,201.0
2021-07-06,205.0
2021-07-07,201.0
2021-07-08,213.0
2021-07-09,228.0
2021-07-10,232.0
2021-07-11,241.0
2021-07-12,258.0
2021-07-13,277.0
2021-07-14,256.0
2021-07-15,226.0
2021-07-16,192.0
2021-07-17,177.0
2021-07-18,182.0
2021-07-19,184.0
2021-07-20,223.0
2021-07-21,226.0
2021-07-22,211.0
2021-07-23,203.0
2021-07-24,206.0
2021-07-25,225.0
2021-07-26,249.0
2021-07-27,264.0
2021-07-28,277.0
2021-07-29,281.0
2021-07-30,273.0
2021-07-31,258.0
2021-08-01,243.0
2021-08-02,245.0
2021-08-03,208.0
2021-08-04,185.0
2021-08-05,178.0
2021-08-06,172.0
2021-08-07,174.0
2021-08-08,168.0
2021-08-09,162.0
2021-08-10,169.0
2021-08-11,178.0
2021-08-12,183.0
2021-08-13,194.0
2021-08-14,197.0
2021-08-15,175.0
2021-08-16,165.0
2021-08-17,148.0
2021-08-18,149.0
2021-08-19,159.0
2021-08-20,159.0
2021-08-21,164.0
2021-08-22,164.0
2021-08-23,171.0
2021-08-24,172.0
2021-08-25,175.0
2021-08-26,179.0
2021-08-27,179.0
2021-08-28,174.0
2021-08-29,164.0
2021-08-30,152.0
2021-08-31,143.0
2021-09-01,138.0
2021-09-02,131.0
2021-09-03,124.0
2021-09-04,122.0
2021-09-05,127.0
2021-09-06,132.0
2021-09-07,146.0
2021-09-08,164.0
2021-09-09,166.0
2021-09-10,165.0
2021-09-11,151.0
2021-09-12,133.0
2021-09-13,115.0
2021-09-14,109.0
2021-09-15,114.0
2021-09-16,124.0
2021-09-17,124.0
2021-09-18,130.0
2021-09-19,131.0
2021-09-20,135.0
2021-09-21,133.0
2021-09-22,132.0
2021-09-23,120.0
2021-09-24,116.0
2021-09-25,112.0
2021-09-26,110.0
2021-09-27,103.0
2021-09-28,105.0
2021-09-29,101.0
2021-09-30,97.3
2021-10-01,93.1
2021-10-02,90.6
2021-10-03,86.3
2021-10-04,78.7
2021-10-05,72.2
2021-10-06,69.2
2021-10-07,66.3
2021-10-08,64.0
2021-10-09,63.1
2021-10-10,61.7
2021-10-11,62.0
2021-10-12,61.0
2021-10-13,57.2
2021-10-14,56.6
2021-10-15,52.7
2021-10-16,52.1
2021-10-17,51.5
2021-10-18,51.4
2021-10-19,48.9
2021-10-20,48.4
2021-10-21,48.2
2021-10-22,48.2
2021-10-23,47.2
2021-10-24,46.8
2021-10-25,46.5
2021-10-26,46.1
2021-10-27,44.7
2021-10-28,44.7
2021-10-29,44.7
2021-10-30,44.9
2021-10-31,44.7
2021-11-01,44.7
2021-11-02,44.7
2021-11-03,43.0
2021-11-04,42.6
2021-11-05,42.5
2021-11-06,41.8
2021-11-07,41.7
2021-11-08,41.6
2021-11-09,41.8
2021-11-10,42.0
2021-11-11,42.0
2021-11-12,43.0
2021-11-13,49.0
2021-11-14,52.8
2021-11-15,51.0
2021-11-16,50.6
2021-11-17,48.8
2021-11-18,48.6
2021-11-19,48.2
2021-11-20,48.2
2021-11-21,48.2
2021-11-22,47.7
2021-11-23,46.7
2021-11-24,46.7
2021-11-25,45.6
2021-11-26,44.8
2021-11-27,44.1
2021-11-28,44.0
2021-11-29,43.2
2021-11-30,42.5
2021-12-01,40.9
2021-12-02,40.9
2021-12-03,41.8
2021-12-04,41.8
2021-12-05,41.6
2021-12-06,41.4
2021-12-07,41.4
2021-12-08,40.4
2021-12-09,32.6
2021-12-10,25.8
2021-12-11,25.8
2021-12-12,37.3
2021-12-13,38.9
2021-12-14,36.8
2021-12-15,36.8
2021-12-16,36.8
2021-12-17,36.8
2021-12-18,35.9
2021-12-19,35.4
2021-12-20,35.9
2021-12-21,35.9
2021-12-22,35.9
2021-12-23,35.9
2021-12-24,35.9
2021-12-25,35.9
2021-12-26,35.9
2021-12-27,35.9
2021-12-28,35.0
2021-12-29,35.0
2021-12-30,35.0
2021-12-31,35.0
2022-01-01,35.0
2022-01-02,37.8
2022-01-03,37.8
2022-01-04,37.8
2022-01-05,37.8
2022-01-06,37.8
2022-01-07,37.8
2022-01-08,37.8
2022-01-09,36.8
2022-01-10,36.8
2022-01-11,36.8
2022-01-12,36.8
2022-01-13,36.8
2022-01-14,36.8
2022-01-15,36.8
2022-01-16,36.8
2022-01-17,36.4
2022-01-18,35.9
2022-01-19,35.9
2022-01-20,35.9
2022-01-21,36.3
2022-01-22,36.7
2022-01-23,36.7
2022-01-24,35.7
2022-01-25,35.0
2022-01-26,35.0
2022-01-27,35.0
2022-01-28,35.0
2022-01-29,36.9
2022-01-30,36.9
2022-01-31,36.7
2022-02-01,36.5
2022-02-02,36.5
2022-02-03,36.5
2022-02-04,36.2
2022-02-05,35.9
2022-02-06,35.9
2022-02-07,35.9
2022-02-08,35.9
2022-02-09,35.9
2022-02-10,37.8
2022-02-11,37.8
2022-02-12,37.8
2022-02-13,37.8
2022-02-14,37.8
2022-02-15,37.8
2022-02-16,36.8
2022-02-17,36.8
2022-02-18,36.8
2022-02-19,36.8
2022-02-20,36.8
2022-02-21,36.8
2022-02-22,36.8
2022-02-23,37.0
2022-02-24,37.3
2022-02-25,37.5
2022-02-26,37.5
2022-02-27,32.3
2022-02-28,37.5
2022-03-01,44.7
2022-03-02,35.8
2022-03-03,35.8
2022-03-04,35.8
2022-03-05,35.6
2022-03-06,36.5
2022-03-07,38.8
2022-03-08,38.6
2022-03-09,39.1
2022-03-10,38.9
2022-03-11,36.7
2022-03-12,41.0
2022-03-13,41.1
2022-03-14,44.1
2022-03-15,52.4
2022-03-16,65.6
2022-03-17,55.8
2022-03-18,63.4
2022-03-19,68.0
2022-03-20,56.2
2022-03-21,58.9
2022-03-22,61.0
2022-03-23,59.2
2022-03-24,56.2
2022-03-25,51.8
2022-03-26,53.5
2022-03-27,54.9
2022-03-28,55.5
2022-03-29,55.2
2022-03-30,55.9
2022-03-31,55.4
2022-04-01,52.4
2022-04-02,52.1
2022-04-03,53.0
2022-04-04,55.4
2022-04-05,58.2
2022-04-06,58.7
2022-04-07,54.8
2022-04-08,54.7
2022-04-09,42.3
2022-04-10,42.5
2022-04-11,43.5
2022-04-12,48.2
2022-04-13,52.0
2022-04-14,50.4
2022-04-15,53.7
2022-04-16,57.9
2022-04-17,58.8
2022-04-18,61.8
2022-04-19,69.8
2022-04-20,79.3
2022-04-21,85.5
2022-04-22,77.1
2022-04-23,69.3
2022-04-24,72.2
2022-04-25,69.3
2022-04-26,66.7
2022-04-27,61.2
2022-04-28,63.3
2022-04-29,63.3
2022-04-30,64.8
2022-05-01,66.4
2022-05-02,68.8
2022-05-03,74.0
2022-05-04,126.0
2022-05-05,165.0
2022-05-06,175.0
2022-05-07,159.0
2022-05-08,130.0
2022-05-09,127.0
2022-05-10,149.0
2022-05-11,180.0
2022-05-12,183.0
2022-05-13,181.0
2022-05-14,188.0
2022-05-15,172.0
2022-05-16,158.0
2022-05-17,142.0
2022-05-18,141.0
2022-05-19,147.0
2022-05-20,151.0
2022-05-21,149.0
2022-05-22,176.0
2022-05-23,185.0
2022-05-24,196.0
2022-05-25,175.0
2022-05-26,164.0
2022-05-27,173.0
2022-05-28,191.0
2022-05-29,202.0
2022-05-30,182.0
2022-05-31,168.0
2022-06-01,164.0
2022-06-02,177.0
2022-06-03,181.0
2022-06-04,183.0
2022-06-05,180.0
2022-06-06,187.0
2022-06-07,210.0
2022-06-08,227.0
2022-06-09,242.0
2022-06-10,269.0
2022-06-11,277.0
2022-06-12,279.0
2022-06-13,286.0
2022-06-14,276.0
2022-06-15,268.0
2022-06-16,267.0
2022-06-17,290.0
2022-06-18,281.0
2022-06-19,266.0
2022-06-20,275.0
2022-06-21,282.0
2022-06-22,262.0
2022-06-23,235.0
2022-06-24,220.0
2022-06-25,229.0
2022-06-26,265.0
2022-06-27,303.0
2022-06-28,327.0
2022-06-29,339.0
2022-06-30,408.0
2022-07-01,436.0
2022-07-02,456.0
2022-07-03,466.0
2022-07-04,486.0
2022-07-05,462.0
2022-07-06,455.0
2022-07-07,433.0
2022-07-08,426.0
2022-07-09,416.0
2022-07-10,386.0
2022-07-11,335.0
2022-07-12,316.0
2022-07-13,386.0
2022-07-14,278.0
2022-07-15,269.0
2022-07-16,276.0
2022-07-17,289.0
2022-07-18,315.0
2022-07-19,345.0
2022-07-20,412.0
2022-07-21,412.0
2022-07-22,378.0
2022-07-23,385.0
2022-07-24,434.0
2022-07-25,448.0
2022-07-26,480.0
2022-07-27,444.0
2022-07-28,430.0
2022-07-29,426.0
2022-07-30,429.0
2022-07-31,348.0
2022-08-01,288.0
2022-08-02,245.0
2022-08-03,231.0
2022-08-04,212.0
2022-08-05,200.0
2022-08-06,203.0
2022-08-07,203.0
2022-08-08,204.0
2022-08-09,216.0
2022-08-10,213.0
2022-08-11,198.0
2022-08-12,183.0
2022-08-13,190.0
2022-08-14,210.0
2022-08-15,228.0
2022-08-16,250.0
2022-08-17,241.0
2022-08-18,223.0
2022-08-19,233.0
2022-08-20,229.0
2022-08-21,229.0
2022-08-22,235.0
2022-08-23,195.0
2022-08-24,187.0
2022-08-25,179.0
2022-08-26,171.0
2022-08-27,164.0
2022-08-28,157.0
2022-08-29,161.0
2022-08-30,156.0
2022-08-31,151.0
2022-09-01,142.0
2022-09-02,151.0
2022-09-03,159.0
2022-09-04,173.0
2022-09-05,178.0
2022-09-06,178.0
2022-09-07,176.0
2022-09-08,177.0
2022-09-09,173.0
2022-09-10,170.0
2022-09-11,163.0
2022-09-12,133.0
2022-09-13,124.0
2022-09-14,114.0
2022-09-15,111.0
2022-09-16,111.0
2022-09-17,111.0
2022-09-18,112.0
2022-09-19,115.0
2022-09-20,109.0
2022-09-21,106.0
2022-09-22,103.0
2022-09-23,102.0
2022-09-24,101.0
2022-09-25,104.0
2022-09-26,102.0
2022-09-27,103.0
2022-09-28,105.0
2022-09-29,106.0
2022-09-30,105.0
2022-10-01,102.0
2022-10-02,102.0
2022-10-03,102.0
2022-10-04,89.3
2022-10-05,84.3
2022-10-06,81.5
2022-10-07,81.5
2022-10-08,77.2
2022-10-09,73.6
2022-10-10,70.8
2022-10-11,70.3
2022-10-12,69.9
2022-10-13,69.3
2022-10-14,68.3
2022-10-15,68.3
2022-10-16,67.6
2022-10-17,67.8
2022-10-18,66.5
2022-10-19,72.7
2022-10-20,75.1
2022-10-21,71.2
2022-10-22,67.4
2022-10-23,68.8
2022-10-24,69.1
2022-10-25,74.0
2022-10-26,74.3
2022-10-27,69.3
2022-10-28,66.8
2022-10-29,65.3
2022-10-30,66.2
2022-10-31,66.6
2022-11-01,65.4
2022-11-02,66.3
2022-11-03,68.3
2022-11-04,74.5
2022-11-05,75.1
2022-11-06,69.7
2022-11-07,65.2
2022-11-08,69.1
2022-11-09,67.0
2022-11-10,64.6
2022-11-11,60.7
2022-11-12,58.5
2022-11-13,56.8
2022-11-14,54.8
2022-11-15,53.1
2022-11-16,50.7
2022-11-17,49.4
2022-11-18,52.0
2022-11-19,56.6
2022-11-20,57.2
2022-11-21,57.2
2022-11-22,63.0
2022-11-23,67.8
2022-11-24,67.1
2022-11-25,66.3
2022-11-26,64.4
2022-11-27,59.9
2022-11-28,59.5
2022-11-29,58.8
2022-11-30,58.0
2022-12-01,58.0
2022-12-02,58.0
2022-12-03,58.0
2022-12-04,58.0
2022-12-05,58.0
2022-12-06,58.7
2022-12-07,60.8
2022-12-08,60.8
2022-12-09,60.0
2022-12-10,59.2
2022-12-11,59.2
2022-12-12,59.2
2022-12-13,59.2
2022-12-14,59.2
2022-12-15,59.2
2022-12-16,59.2
2022-12-17,57.6
2022-12-18,57.6
2022-12-19,55.2
2022-12-20,51.9
2022-12-21,51.0
2022-12-22,50.1
2022-12-23,50.1
2022-12-24,48.6
2022-12-25,48.6
2022-12-26,48.6
2022-12-27,48.3
2022-12-28,47.9
2022-12-29,47.9
2022-12-30,47.9
2022-12-31,47.9
2023-01-01,47.9
2023-01-02,47.9
2023-01-03,47.9
2023-01-04,47.9
2023-01-05,47.9
2023-01-06,47.8
2023-01-07,47.9
2023-01-08,47.9
2023-01-09,46.6
2023-01-10,46.6
2023-01-11,43.0
2023-01-12,42.0
2023-01-13,40.8
2023-01-14,39.6
2023-01-15,37.6
2023-01-16,36.0
2023-01-17,36.0
2023-01-18,37.5
2023-01-19,39.0
2023-01-20,40.7
2023-01-21,42.2
2023-01-22,40.0
2023-01-23,39.0
2023-01-24,40.1
2023-01-25,39.7
2023-01-26,42.1
2023-01-27,42.6
2023-01-28,40.8
2023-01-29,40.1
2023-01-30,39.8
2023-01-31,39.8
2023-02-01,39.8
2023-02-02,39.1
2023-02-03,39.6
2023-02-04,40.0
2023-02-05,39.5
2023-02-06,41.1
2023-02-07,43.1
2023-02-08,43.4
2023-02-09,43.4
2023-02-10,42.9
2023-02-11,42.6
2023-02-12,42.6
2023-02-13,42.6
2023-02-14,43.2
2023-02-15,42.7
2023-02-16,42.7
2023-02-17,48.3
2023-02-18,51.1
2023-02-19,47.2
2023-02-20,45.3
2023-02-21,43.6
2023-02-22,43.6
2023-02-23,44.0
2023-02-24,42.9
2023-02-25,43.1
2023-02-26,44.1
2023-02-27,43.2
2023-02-28,42.4
2023-03-01,42.3
2023-03-02,39.5
2023-03-03,38.7
2023-03-04,39.2
2023-03-05,40.2
2023-03-06,40.7
2023-03-07,39.3
2023-03-08,39.0
2023-03-09,39.0
2023-03-10,40.7
2023-03-11,42.6
2023-03-12,44.8
2023-03-13,45.0
2023-03-14,44.4
2023-03-15,44.3
2023-03-16,45.4
2023-03-17,44.0
2023-03-18,43.4
2023-03-19,44.0
2023-03-20,44.5
2023-03-21,44.0
2023-03-22,43.4
2023-03-23,43.1
2023-03-24,42.6
2023-03-25,42.3
2023-03-26,43.2
2023-03-27,43.7
2023-03-28,43.5
2023-03-29,43.5
2023-03-30,41.4
2023-03-31,42.5
2023-04-01,44.9
2023-04-02,46.3
2023-04-03,46.3
2023-04-04,48.5
2023-04-05,49.0
2023-04-06,49.5
2023-04-07,50.3
2023-04-08,49.9
2023-04-09,50.3
2023-04-10,48.8
2023-04-11,50.0
2023-04-12,50.2
2023-04-13,48.4
2023-04-14,46.1
2023-04-15,46.1
2023-04-16,48.4
2023-04-17,49.3
2023-04-18,48.1
2023-04-19,47.9
2023-04-20,50.5
2023-04-21,50.7
2023-04-22,50.7
2023-04-23,46.8
2023-04-24,45.1
2023-04-25,50.4
2023-04-26,57.2
2023-04-27,63.4
2023-04-28,65.3
2023-04-29,64.2
2023-04-30,60.6
2023-05-01,59.4
2023-05-02,64.2
2023-05-03,69.7
2023-05-04,74.9
2023-05-05,75.2
2023-05-06,74.8
2023-05-07,78.4
2023-05-08,74.9
2023-05-09,73.9
2023-05-10,72.5
2023-05-11,70.3
2023-05-12,76.0
2023-05-13,81.5
2023-05-14,90.8
2023-05-15,93.1
2023-05-16,95.2
2023-05-17,115.0
2023-05-18,134.0
2023-05-19,138.0
2023-05-20,160.0
2023-05-21,154.0
2023-05-22,129.0
2023-05-23,131.0
2023-05-24,151.0
2023-05-25,160.0
2023-05-26,161.0
2023-05-27,159.0
2023-05-28,143.0
2023-05-29,135.0
2023-05-30,140.0
2023-05-31,142.0
2023-06-01,147.0
2023-06-02,154.0
2023-06-03,182.0
2023-06-04,195.0
2023-06-05,217.0
2023-06-06,226.0
2023-06-07,232.0
2023-06-08,245.0
2023-06-09,264.0
2023-06-10,301.0
2023-06-11,326.0
2023-06-12,446.0
2023-06-13,446.0
2023-06-14,425.0
2023-06-15,416.0
2023-06-16,399.0
2023-06-17,399.0
2023-06-18,395.0
2023-06-19,390.0
2023-06-20,393.0
2023-06-21,392.0
2023-06-22,396.0
2023-06-23,394.0
2023-06-24,397.0
2023-06-25,406.0
2023-06-26,412.0
2023-06-27,408.0
2023-06-28,415.0
2023-06-29,418.0
2023-06-30,400.0
2023-07-01,364.0
2023-07-02,349.0
2023-07-03,354.0
2023-07-04,359.0
2023-07-05,354.0
2023-07-06,334.0
2023-07-07,315.0
2023-07-08,285.0
2023-07-09,245.0
2023-07-10,238.0
2023-07-11,214.0
2023-07-12,227.0
2023-07-13,250.0
2023-07-14,276.0
2023-07-15,300.0
2023-07-16,309.0
2023-07-17,340.0
2023-07-18,355.0
2023-07-19,352.0
2023-07-20,358.0
2023-07-21,364.0
2023-07-22,352.0
2023-07-23,378.0
2023-07-24,382.0
2023-07-25,375.0
2023-07-26,347.0
2023-07-27,332.0
2023-07-28,297.0
2023-07-29,297.0
2023-07-30,279.0
2023-07-31,283.0
2023-08-01,282.0
2023-08-02,285.0
2023-08-03,289.0
2023-08-04,286.0
2023-08-05,278.0
2023-08-06,278.0
2023-08-07,279.0
2023-08-08,262.0
2023-08-09,226.0
2023-08-10,211.0
2023-08-11,216.0
2023-08-12,222.0
2023-08-13,223.0
2023-08-14,221.0
2023-08-15,223.0
2023-08-16,222.0
2023-08-17,220.0
2023-08-18,222.0
2023-08-19,222.0
2023-08-20,221.0
2023-08-21,217.0
2023-08-22,220.0
2023-08-23,217.0
2023-08-24,217.0
2023-08-25,208.0
2023-08-26,199.0
2023-08-27,195.0
2023-08-28,181.0
2023-08-29,162.0
2023-08-30,147.0
2023-08-31,135.0
2023-09-01,133.0
2023-09-02,133.0
2023-09-03,134.0
2023-09-04,135.0
2023-09-05,134.0
2023-09-06,117.0
2023-09-07,108.0
2023-09-08,107.0
2023-09-09,108.0
2023-09-10,111.0
2023-09-11,112.0
2023-09-12,113.0
2023-09-13,112.0
2023-09-14,118.0
2023-09-15,113.0
2023-09-16,117.0
2023-09-17,119.0
2023-09-18,118.0
2023-09-19,115.0
2023-09-20,103.0
2023-09-21,98.4
2023-09-22,88.8
2023-09-23,76.6
2023-09-24,66.5
2023-09-25,64.4
2023-09-26,62.9
2023-09-27,61.8
2023-09-28,61.1
2023-09-29,60.6
2023-09-30,61.1
2023-10-01,60.3
2023-10-02,58.2
2023-10-03,58.2
2023-10-04,57.1
2023-10-05,55.3
2023-10-06,55.3
2023-10-07,55.8
2023-10-08,55.6
2023-10-09,54.6
2023-10-10,53.8
2023-10-11,54.0
2023-10-12,53.4
2023-10-13,52.5
2023-10-14,51.7
2023-10-15,51.9
2023-10-16,51.9
2023-10-17,51.3
2023-10-18,50.5
2023-10-19,50.3
2023-10-20,49.5
2023-10-21,50.6
2023-10-22,50.0
2023-10-23,49.6
2023-10-24,49.7
2023-10-25,49.0
2023-10-26,49.0
2023-10-27,50.0
2023-10-28,50.2
2023-10-29,50.0
2023-10-30,49.8
2023-10-31,50.0
2023-11-01,50.2
2023-11-02,49.7
2023-11-03,48.6
2023-11-04,48.0
2023-11-05,48.2
2023-11-06,48.1
2023-11-07,48.1
2023-11-08,47.0
2023-11-09,47.9
2023-11-10,47.9
2023-11-11,47.4
2023-11-12,47.7
2023-11-13,47.4
2023-11-14,47.4
2023-11-15,46.9
2023-11-16,46.6
2023-11-17,46.9
2023-11-18,47.9
2023-11-19,47.9
2023-11-20,47.9
2023-11-21,47.9
2023-11-22,48.1
2023-11-23,47.7
2023-11-24,52.2
2023-11-25,54.8
2023-11-26,54.2
2023-11-27,54.1
2023-11-28,54.2
2023-11-29,54.2
2023-11-30,53.4
2023-12-01,53.3
2023-12-02,53.3
2023-12-03,53.3
2023-12-04,53.5
2023-12-05,53.3
2023-12-06,53.3
2023-12-07,52.8
2023-12-08,52.8
2023-12-09,52.1
2023-12-10,51.5
2023-12-11,51.5
2023-12-12,50.9
2023-12-13,50.3
2023-12-14,49.8
2023-12-15,48.3
2023-12-16,46.4
2023-12-17,45.9
2023-12-18,45.5
2023-12-19,45.2
2023-12-20,44.4
2023-12-21,43.7
2023-12-22,44.3
2023-12-23,44.7
2023-12-24,43.6
2023-12-25,42.0
2023-12-26,41.4
2023-12-27,41.8
2023-12-28,41.8
2023-12-29,41.4
2023-12-30,41.8
2023-12-31,41.4
