Date,Precipitation_mm
2017-01-01,34.8
2017-02-01,90.17
2017-03-01,40.64
2017-04-01,32.0
2017-05-01,13.46
2017-06-01,0.0
2017-07-01,0.0
2017-08-01,0.0
2017-09-01,0.0
2017-10-01,1.78
2017-11-01,20.07
2017-12-01,7.62
2018-01-01,12.7
2018-02-01,17.53
2018-03-01,35.31
2018-04-01,10.16
2018-05-01,13.97
2018-06-01,2.03
2018-07-01,0.0
2018-08-01,0.0
2018-09-01,0.0
2018-10-01,49.53
2018-11-01,17.27
2018-12-01,13.46
2019-01-01,23.88
2019-02-01,27.43
2019-03-01,62.23
2019-04-01,131.32
2019-05-01,27.43
2019-06-01,13.97
2019-07-01,0.0
2019-08-01,0.0
2019-09-01,5.33
2019-10-01,3.56
2019-11-01,27.18
2019-12-01,21.08
2020-01-01,39.62
2020-02-01,39.88
2020-03-01,16.26
2020-04-01,63.5
2020-05-01,57.66
2020-06-01,0.0
2020-07-01,0.25
2020-08-01,114.05
2020-09-01,2.03
2020-10-01,0.0
2020-11-01,2.03
2020-12-01,19.81
2021-01-01,0.0
2021-02-01,16.51
2021-03-01,32.77
2021-04-01,6.1
2021-05-01,5.59
2021-06-01,0.0
2021-07-01,0.25
2021-08-01,0.0
2021-09-01,0.0
2021-10-01,4.57
2021-11-01,7.87
2021-12-01,7.11
2022-01-01,47.5
2022-02-01,13.46
2022-03-01,122.68
2022-04-01,40.89
2022-05-01,29.97
2022-06-01,0.0
2022-07-01,0.0
2022-08-01,0.0
2022-09-01,0.0
2022-10-01,60.96
2022-11-01,42.16
2022-12-01,16.76
