Date,Q_m3s
2017-01-01,0.0
2017-02-01,0.0
2017-03-01,7.03
2017-04-01,7.87
2017-05-01,14.53
2017-06-01,25.97
2017-07-01,42.27
2017-08-01,35.13
2017-09-01,5.63
2017-10-01,7.27
2017-11-01,6.7
2017-12-01,4.4
2018-01-01,0.0
2018-02-01,4.3
2018-03-01,2.6
2018-04-01,10.9
2018-05-01,11.4
2018-06-01,15.13
2018-07-01,24.37
2018-08-01,18.17
2018-09-01,4.93
2018-10-01,5.6
2018-11-01,7.97
2018-12-01,5.67
2019-01-01,0.0
2019-02-01,3.13
2019-03-01,5.1
2019-04-01,6.5
2019-05-01,16.37
2019-06-01,20.4
2019-07-01,38.2
2019-08-01,39.0
2019-09-01,9.37
2019-10-01,8.0
2019-11-01,10.3
2019-12-01,1.55
2020-01-01,0.0
2020-02-01,0.0
2020-03-01,9.53
2020-04-01,8.6
2020-05-01,10.8
2020-06-01,25.67
2020-07-01,34.37
2020-08-01,29.1
2020-09-01,2.77
2020-10-01,8.3
2020-11-01,9.53
2020-12-01,2.5
2021-01-01,0.0
2021-02-01,5.23
2021-03-01,4.13
2021-04-01,6.77
2021-05-01,8.87
2021-06-01,16.17
2021-07-01,23.03
2021-08-01,11.07
2021-09-01,1.95
2021-10-01,8.0
2021-11-01,10.3
2021-12-01,1.55
2022-01-01,0.0
2022-02-01,0.0
2022-03-01,9.53
2022-04-01,8.6
2022-05-01,10.8
2022-06-01,25.67
2022-07-01,34.37
2022-08-01,29.1
2022-09-01,2.77
2022-10-01,0.0
2022-11-01,0.0
2022-12-01,0.0
