edge_id,length_km,avg_width_m,lining,condition
Source_to_HW_Ravatkhoza,8.0,30.0,partial,good
HW_Ravatkhoza_to_HW_AkKaraDarya,15.0,25.0,partial,good
HW_Ravatkhoza_to_Mirzapay,12.0,15.0,earthen,average
HW_Ravatkhoza_to_HW_Dargom,18.0,15.0,earthen,average
HW_Ravatkhoza_to_Sink_Jizzakh,25.0,8.0,earthen,average
HW_AkKaraDarya_to_Akkaradarya,10.0,12.0,earthen,average
HW_AkKaraDarya_to_NaturalSplit_AkKaraDarya,2.0,25.0,partial,good
NaturalSplit_AkKaraDarya_to_HW_Damkhoza,18.0,22.0,partial,good
NaturalSplit_AkKaraDarya_to_RES_Akdarya,8.0,18.0,partial,average
HW_Damkhoza_to_HW_Narpay,12.0,10.0,earthen,average
HW_Damkhoza_to_HW_Confluence,15.0,20.0,partial,good
HW_Damkhoza_to_Miankaltoss,14.0,12.0,earthen,average
HW_Damkhoza_to_RES_Kattakurgan,10.0,12.0,partial,average
HW_Narpay_to_HW_Confluence,8.0,14.0,partial,average
HW_Narpay_to_Narpay,10.0,10.0,earthen,average
HW_Confluence_to_HW_Karmana,12.0,20.0,partial,good
HW_Karmana_to_Karmanakonimex,15.0,10.0,earthen,average
HW_Karmana_to_Sink_Navoi,20.0,20.0,partial,average
HW_Karmana_to_Powerplant,5.0,6.0,concrete,good
Dargom_to_HW_Damkhoza,25.0,15.0,earthen,average
HW_Dargom_to_Dargom,10.0,12.0,earthen,average
HW_Dargom_to_Sink_Kashkadarya,15.0,8.0,earthen,poor
Mirzapay_to_RES_Akdarya,8.0,15.0,earthen,average
Karmanakonimex_to_Sink_Navoi,10.0,12.0,earthen,average
Akkaradarya_to_RES_Akdarya,6.0,15.0,earthen,average
Miankaltoss_to_HW_Karmana,12.0,12.0,earthen,average
Narpay_to_HW_Karmana,15.0,12.0,earthen,average
Powerplant_to_Sink_Navoi,3.0,6.0,concrete,good
RES_Kattakurgan_to_HW_Narpay,5.0,14.0,partial,good
RES_Akdarya_to_HW_Confluence,8.0,16.0,partial,good
RF_Dargom_to_Dargom,3.0,4.0,earthen,average
RF_Mirzapay_to_Mirzapay,3.0,4.0,earthen,average
RF_Akkaradarya_to_Akkaradarya,3.0,4.0,earthen,average
RF_Narpay_to_Narpay,3.0,4.0,earthen,average
RF_Karmanakonimex_to_Karmanakonimex,3.0,4.0,earthen,average
RF_Miankaltoss_to_Miankaltoss,3.0,4.0,earthen,average
